seed,event_file,label,matches_expected,part
3701,events_00001.parquet,A,True,novel
3701,events_00002.parquet,neu_JON_F,True,novel
3701,events_00004.parquet,A,True,novel
3701,events_00007.parquet,neu_JON_D_m,True,novel
3701,events_00009.parquet,A,True,novel
3701,events_00012.parquet,A,True,novel
3701,events_00014.parquet,A,True,novel
3701,events_00016.parquet,A,True,novel
3701,events_00018.parquet,A,True,novel
3701,events_00020.parquet,A,True,novel
3701,events_00022.parquet,A,True,novel
3701,events_00024.parquet,A,True,novel
3701,events_00026.parquet,A,True,novel
3701,events_00028.parquet,A,True,novel
3701,events_00030.parquet,A,True,novel
3701,events_00032.parquet,A,True,novel
3701,events_00034.parquet,A,True,novel
3701,events_00036.parquet,A,True,novel
3701,events_00038.parquet,neu_JON_F,True,novel
3701,events_00040.parquet,A,True,novel
3701,events_00042.parquet,neu_JON_D_m,True,novel
3701,events_00044.parquet,A,True,novel
3702,events_00046.parquet,A,True,novel
3702,events_00047.parquet,neu_JON_F,True,novel
3702,events_00049.parquet,A,True,novel
3702,events_00052.parquet,neu_JON_D_m,True,novel
3702,events_00054.parquet,A,True,novel
3702,events_00057.parquet,A,True,novel
3702,events_00059.parquet,A,True,novel
3702,events_00061.parquet,A,True,novel
3702,events_00063.parquet,A,True,novel
3702,events_00065.parquet,A,True,novel
3702,events_00067.parquet,A,True,novel
3702,events_00069.parquet,A,True,novel
3702,events_00071.parquet,A,True,novel
3702,events_00073.parquet,A,True,novel
3702,events_00075.parquet,A,True,novel
3702,events_00077.parquet,A,True,novel
3702,events_00079.parquet,A,True,novel
3702,events_00081.parquet,A,True,novel
3702,events_00083.parquet,neu_JON_F,True,novel
3702,events_00085.parquet,A,True,novel
3702,events_00087.parquet,neu_JON_D_m,True,novel
3702,events_00089.parquet,A,True,novel
3703,events_00091.parquet,A,True,novel
3703,events_00092.parquet,neu_JON_F,True,novel
3703,events_00094.parquet,A,True,novel
3703,events_00097.parquet,neu_JON_D_m,True,novel
3703,events_00099.parquet,A,True,novel
3703,events_00102.parquet,A,True,novel
3703,events_00104.parquet,A,True,novel
3703,events_00106.parquet,A,True,novel
3703,events_00108.parquet,A,True,novel
3703,events_00110.parquet,A,True,novel
3703,events_00112.parquet,A,True,novel
3703,events_00114.parquet,A,True,novel
3703,events_00116.parquet,A,True,novel
3703,events_00118.parquet,A,True,novel
3703,events_00120.parquet,A,True,novel
3703,events_00122.parquet,A,True,novel
3703,events_00124.parquet,A,True,novel
3703,events_00126.parquet,A,True,novel
3703,events_00128.parquet,neu_JON_F,True,novel
3703,events_00130.parquet,A,True,novel
3703,events_00132.parquet,neu_JON_D_m,True,novel
3703,events_00134.parquet,A,True,novel
3701,events_00000.parquet,A,True,main
3701,events_00002.parquet,A,True,main
3701,events_00004.parquet,A,True,main
3701,events_00006.parquet,A,True,main
3701,events_00008.parquet,A,True,main
3701,events_00010.parquet,A,True,main
3701,events_00012.parquet,A,True,main
3701,events_00014.parquet,A,True,main
3701,events_00016.parquet,A,True,main
3701,events_00018.parquet,A,True,main
3701,events_00020.parquet,A,True,main
3701,events_00022.parquet,A,True,main
3701,events_00024.parquet,A,True,main
3701,events_00026.parquet,A,True,main
3701,events_00028.parquet,A,True,main
3701,events_00030.parquet,A,True,main
3701,events_00032.parquet,A,True,main
3701,events_00034.parquet,A,True,main
3701,events_00036.parquet,A,True,main
3701,events_00038.parquet,A,True,main
3701,events_00040.parquet,A,True,main
3701,events_00042.parquet,A,True,main
3701,events_00044.parquet,A,True,main
3701,events_00046.parquet,A,True,main
3701,events_00048.parquet,A,True,main
3701,events_00050.parquet,A,True,main
3701,events_00052.parquet,A,True,main
3701,events_00054.parquet,A,True,main
3701,events_00056.parquet,A,True,main
3701,events_00058.parquet,A,True,main
3701,events_00060.parquet,A,True,main
3701,events_00062.parquet,A,True,main
3701,events_00064.parquet,A,True,main
3701,events_00066.parquet,A,True,main
3701,events_00068.parquet,A,True,main
3701,events_00070.parquet,A,True,main
3701,events_00072.parquet,A,True,main
3701,events_00074.parquet,A,True,main
3701,events_00076.parquet,A,True,main
3701,events_00078.parquet,A,True,main
3701,events_00080.parquet,A,True,main
3701,events_00082.parquet,A,True,main
3701,events_00084.parquet,A,True,main
3701,events_00086.parquet,A,True,main
3701,events_00088.parquet,A,True,main
3701,events_00090.parquet,A,True,main
3701,events_00092.parquet,A,True,main
3701,events_00094.parquet,A,True,main
3701,events_00096.parquet,A,True,main
3701,events_00098.parquet,A,True,main
3701,events_00100.parquet,A,True,main
3701,events_00102.parquet,A,True,main
3701,events_00104.parquet,A,True,main
3701,events_00106.parquet,A,True,main
3701,events_00108.parquet,A,True,main
3701,events_00110.parquet,A,True,main
3701,events_00112.parquet,A,True,main
3701,events_00114.parquet,A,True,main
3701,events_00115.parquet,A,True,main
3701,events_00117.parquet,A,True,main
3701,events_00119.parquet,A,True,main
3701,events_00121.parquet,A,True,main
3701,events_00123.parquet,A,True,main
3701,events_00125.parquet,A,True,main
3701,events_00127.parquet,A,True,main
3701,events_00129.parquet,A,True,main
3701,events_00131.parquet,A,True,main
3701,events_00133.parquet,A,True,main
3701,events_00135.parquet,A,True,main
3701,events_00137.parquet,A,True,main
3701,events_00139.parquet,A,True,main
3701,events_00141.parquet,A,True,main
3701,events_00143.parquet,A,True,main
3701,events_00145.parquet,A,True,main
3701,events_00147.parquet,A,True,main
3701,events_00148.parquet,A,True,main
3701,events_00150.parquet,A,True,main
3701,events_00152.parquet,A,True,main
3701,events_00154.parquet,A,True,main
3701,events_00156.parquet,A,True,main
3701,events_00158.parquet,A,True,main
3701,events_00160.parquet,A,True,main
3701,events_00162.parquet,A,True,main
3701,events_00164.parquet,A,True,main
3701,events_00166.parquet,A,True,main
3701,events_00168.parquet,A,True,main
3701,events_00170.parquet,A,True,main
3702,events_00171.parquet,A,True,main
3702,events_00173.parquet,A,True,main
3702,events_00175.parquet,A,True,main
3702,events_00177.parquet,A,True,main
3702,events_00179.parquet,A,True,main
3702,events_00181.parquet,A,True,main
3702,events_00183.parquet,A,True,main
3702,events_00185.parquet,A,True,main
3702,events_00187.parquet,A,True,main
3702,events_00189.parquet,A,True,main
3702,events_00191.parquet,A,True,main
3702,events_00193.parquet,A,True,main
3702,events_00195.parquet,A,True,main
3702,events_00197.parquet,A,True,main
3702,events_00199.parquet,A,True,main
3702,events_00201.parquet,A,True,main
3702,events_00203.parquet,A,True,main
3702,events_00205.parquet,A,True,main
3702,events_00207.parquet,A,True,main
3702,events_00209.parquet,A,True,main
3702,events_00211.parquet,A,True,main
3702,events_00213.parquet,A,True,main
3702,events_00215.parquet,A,True,main
3702,events_00217.parquet,A,True,main
3702,events_00219.parquet,A,True,main
3702,events_00221.parquet,A,True,main
3702,events_00223.parquet,A,True,main
3702,events_00225.parquet,A,True,main
3702,events_00227.parquet,A,True,main
3702,events_00229.parquet,A,True,main
3702,events_00231.parquet,A,True,main
3702,events_00233.parquet,A,True,main
3702,events_00235.parquet,A,True,main
3702,events_00237.parquet,A,True,main
3702,events_00239.parquet,A,True,main
3702,events_00241.parquet,A,True,main
3702,events_00243.parquet,A,True,main
3702,events_00245.parquet,A,True,main
3702,events_00247.parquet,A,True,main
3702,events_00249.parquet,A,True,main
3702,events_00251.parquet,A,True,main
3702,events_00253.parquet,A,True,main
3702,events_00255.parquet,A,True,main
3702,events_00257.parquet,A,True,main
3702,events_00259.parquet,A,True,main
3702,events_00261.parquet,A,True,main
3702,events_00263.parquet,A,True,main
3702,events_00265.parquet,A,True,main
3702,events_00267.parquet,A,True,main
3702,events_00269.parquet,A,True,main
3702,events_00271.parquet,A,True,main
3702,events_00273.parquet,A,True,main
3702,events_00275.parquet,A,True,main
3702,events_00277.parquet,A,True,main
3702,events_00279.parquet,A,True,main
3702,events_00281.parquet,A,True,main
3702,events_00283.parquet,A,True,main
3702,events_00285.parquet,A,True,main
3702,events_00286.parquet,A,True,main
3702,events_00288.parquet,A,True,main
3702,events_00290.parquet,A,True,main
3702,events_00292.parquet,A,True,main
3702,events_00294.parquet,A,True,main
3702,events_00296.parquet,A,True,main
3702,events_00298.parquet,A,True,main
3702,events_00300.parquet,A,True,main
3702,events_00302.parquet,A,True,main
3702,events_00304.parquet,A,True,main
3702,events_00306.parquet,A,True,main
3702,events_00308.parquet,A,True,main
3702,events_00310.parquet,A,True,main
3702,events_00312.parquet,A,True,main
3702,events_00314.parquet,A,True,main
3702,events_00316.parquet,A,True,main
3702,events_00318.parquet,A,True,main
3702,events_00319.parquet,A,True,main
3702,events_00321.parquet,A,True,main
3702,events_00323.parquet,A,True,main
3702,events_00325.parquet,A,True,main
3702,events_00327.parquet,A,True,main
3702,events_00329.parquet,A,True,main
3702,events_00331.parquet,A,True,main
3702,events_00333.parquet,A,True,main
3702,events_00335.parquet,A,True,main
3702,events_00337.parquet,A,True,main
3702,events_00339.parquet,A,True,main
3702,events_00341.parquet,A,True,main
3703,events_00342.parquet,A,True,main
3703,events_00344.parquet,A,True,main
3703,events_00346.parquet,A,True,main
3703,events_00348.parquet,A,True,main
3703,events_00350.parquet,A,True,main
3703,events_00352.parquet,A,True,main
3703,events_00354.parquet,A,True,main
3703,events_00356.parquet,A,True,main
3703,events_00358.parquet,A,True,main
3703,events_00360.parquet,A,True,main
3703,events_00362.parquet,A,True,main
3703,events_00364.parquet,A,True,main
3703,events_00366.parquet,A,True,main
3703,events_00368.parquet,A,True,main
3703,events_00370.parquet,A,True,main
3703,events_00372.parquet,A,True,main
3703,events_00374.parquet,A,True,main
3703,events_00376.parquet,A,True,main
3703,events_00378.parquet,A,True,main
3703,events_00380.parquet,A,True,main
3703,events_00382.parquet,A,True,main
3703,events_00384.parquet,A,True,main
3703,events_00386.parquet,A,True,main
3703,events_00388.parquet,A,True,main
3703,events_00390.parquet,A,True,main
3703,events_00392.parquet,A,True,main
3703,events_00394.parquet,A,True,main
3703,events_00396.parquet,A,True,main
3703,events_00398.parquet,A,True,main
3703,events_00400.parquet,A,True,main
3703,events_00402.parquet,A,True,main
3703,events_00404.parquet,A,True,main
3703,events_00406.parquet,A,True,main
3703,events_00408.parquet,A,True,main
3703,events_00410.parquet,A,True,main
3703,events_00412.parquet,A,True,main
3703,events_00414.parquet,A,True,main
3703,events_00416.parquet,A,True,main
3703,events_00418.parquet,A,True,main
3703,events_00420.parquet,A,True,main
3703,events_00422.parquet,A,True,main
3703,events_00424.parquet,A,True,main
3703,events_00426.parquet,A,True,main
3703,events_00428.parquet,A,True,main
3703,events_00430.parquet,A,True,main
3703,events_00432.parquet,A,True,main
3703,events_00434.parquet,A,True,main
3703,events_00436.parquet,A,True,main
3703,events_00438.parquet,A,True,main
3703,events_00440.parquet,A,True,main
3703,events_00442.parquet,A,True,main
3703,events_00444.parquet,A,True,main
3703,events_00446.parquet,A,True,main
3703,events_00448.parquet,A,True,main
3703,events_00450.parquet,A,True,main
3703,events_00452.parquet,A,True,main
3703,events_00454.parquet,A,True,main
3703,events_00456.parquet,A,True,main
3703,events_00457.parquet,A,True,main
3703,events_00459.parquet,A,True,main
3703,events_00461.parquet,A,True,main
3703,events_00463.parquet,A,True,main
3703,events_00465.parquet,A,True,main
3703,events_00467.parquet,A,True,main
3703,events_00469.parquet,A,True,main
3703,events_00471.parquet,A,True,main
3703,events_00473.parquet,A,True,main
3703,events_00475.parquet,A,True,main
3703,events_00477.parquet,A,True,main
3703,events_00479.parquet,A,True,main
3703,events_00481.parquet,A,True,main
3703,events_00483.parquet,A,True,main
3703,events_00485.parquet,A,True,main
3703,events_00487.parquet,A,True,main
3703,events_00489.parquet,A,True,main
3703,events_00490.parquet,A,True,main
3703,events_00492.parquet,A,True,main
3703,events_00494.parquet,A,True,main
3703,events_00496.parquet,A,True,main
3703,events_00498.parquet,A,True,main
3703,events_00500.parquet,A,True,main
3703,events_00502.parquet,A,True,main
3703,events_00504.parquet,A,True,main
3703,events_00506.parquet,A,True,main
3703,events_00508.parquet,A,True,main
3703,events_00510.parquet,A,True,main
3703,events_00512.parquet,A,True,main
3701,events_00000.parquet,A,True,partial
3701,events_00002.parquet,A,True,partial
3701,events_00004.parquet,A,True,partial
3701,events_00006.parquet,A,True,partial
3701,events_00008.parquet,A,True,partial
3701,events_00010.parquet,A,True,partial
3701,events_00012.parquet,A,True,partial
3701,events_00014.parquet,A,True,partial
3701,events_00016.parquet,A,True,partial
3701,events_00018.parquet,A,True,partial
3701,events_00020.parquet,A,True,partial
3701,events_00022.parquet,A,True,partial
3701,events_00024.parquet,A,True,partial
3701,events_00026.parquet,A,True,partial
3701,events_00028.parquet,A,True,partial
3701,events_00030.parquet,A,True,partial
3701,events_00032.parquet,A,True,partial
3701,events_00034.parquet,A,True,partial
3701,events_00036.parquet,A,True,partial
3701,events_00038.parquet,A,True,partial
3701,events_00040.parquet,A,True,partial
3701,events_00042.parquet,A,True,partial
3701,events_00044.parquet,A,True,partial
3701,events_00046.parquet,A,True,partial
3701,events_00048.parquet,A,True,partial
3701,events_00050.parquet,A,True,partial
3701,events_00052.parquet,A,True,partial
3701,events_00054.parquet,A,True,partial
3701,events_00056.parquet,A,True,partial
3701,events_00058.parquet,A,True,partial
3701,events_00060.parquet,A,True,partial
3701,events_00062.parquet,A,True,partial
3701,events_00064.parquet,A,True,partial
3701,events_00066.parquet,A,True,partial
3701,events_00068.parquet,A,True,partial
3701,events_00070.parquet,A,True,partial
3702,events_00071.parquet,A,True,partial
3702,events_00073.parquet,A,True,partial
3702,events_00075.parquet,A,True,partial
3702,events_00077.parquet,A,True,partial
3702,events_00079.parquet,A,True,partial
3702,events_00081.parquet,A,True,partial
3702,events_00083.parquet,A,True,partial
3702,events_00085.parquet,A,True,partial
3702,events_00087.parquet,A,True,partial
3702,events_00089.parquet,A,True,partial
3702,events_00091.parquet,A,True,partial
3702,events_00093.parquet,A,True,partial
3702,events_00095.parquet,A,True,partial
3702,events_00097.parquet,A,True,partial
3702,events_00099.parquet,A,True,partial
3702,events_00101.parquet,A,True,partial
3702,events_00103.parquet,A,True,partial
3702,events_00105.parquet,A,True,partial
3702,events_00107.parquet,A,True,partial
3702,events_00109.parquet,A,True,partial
3702,events_00111.parquet,A,True,partial
3702,events_00113.parquet,A,True,partial
3702,events_00115.parquet,A,True,partial
3702,events_00117.parquet,A,True,partial
3702,events_00119.parquet,A,True,partial
3702,events_00121.parquet,A,True,partial
3702,events_00123.parquet,A,True,partial
3702,events_00125.parquet,A,True,partial
3702,events_00127.parquet,A,True,partial
3702,events_00129.parquet,A,True,partial
3702,events_00131.parquet,A,True,partial
3702,events_00133.parquet,A,True,partial
3702,events_00135.parquet,A,True,partial
3702,events_00137.parquet,A,True,partial
3702,events_00139.parquet,A,True,partial
3702,events_00141.parquet,A,True,partial
3703,events_00142.parquet,A,True,partial
3703,events_00144.parquet,A,True,partial
3703,events_00146.parquet,A,True,partial
3703,events_00148.parquet,A,True,partial
3703,events_00150.parquet,A,True,partial
3703,events_00152.parquet,A,True,partial
3703,events_00154.parquet,A,True,partial
3703,events_00156.parquet,A,True,partial
3703,events_00158.parquet,A,True,partial
3703,events_00160.parquet,A,True,partial
3703,events_00162.parquet,A,True,partial
3703,events_00164.parquet,A,True,partial
3703,events_00166.parquet,A,True,partial
3703,events_00168.parquet,A,True,partial
3703,events_00170.parquet,A,True,partial
3703,events_00172.parquet,A,True,partial
3703,events_00174.parquet,A,True,partial
3703,events_00176.parquet,A,True,partial
3703,events_00178.parquet,A,True,partial
3703,events_00180.parquet,A,True,partial
3703,events_00182.parquet,A,True,partial
3703,events_00184.parquet,A,True,partial
3703,events_00186.parquet,A,True,partial
3703,events_00188.parquet,A,True,partial
3703,events_00190.parquet,A,True,partial
3703,events_00192.parquet,A,True,partial
3703,events_00194.parquet,A,True,partial
3703,events_00196.parquet,A,True,partial
3703,events_00198.parquet,A,True,partial
3703,events_00200.parquet,A,True,partial
3703,events_00202.parquet,A,True,partial
3703,events_00204.parquet,A,True,partial
3703,events_00206.parquet,A,True,partial
3703,events_00208.parquet,A,True,partial
3703,events_00210.parquet,A,True,partial
3703,events_00212.parquet,A,True,partial
3701,events_00000.parquet,A,True,frequency
3701,events_00002.parquet,A,True,frequency
3701,events_00004.parquet,A,True,frequency
3701,events_00006.parquet,A,True,frequency
3701,events_00008.parquet,A,True,frequency
3701,events_00010.parquet,A,True,frequency
3701,events_00012.parquet,A,True,frequency
3701,events_00014.parquet,A,True,frequency
3701,events_00016.parquet,A,True,frequency
3701,events_00018.parquet,A,True,frequency
3701,events_00020.parquet,A,True,frequency
3701,events_00022.parquet,A,True,frequency
3701,events_00024.parquet,A,True,frequency
3701,events_00026.parquet,A,True,frequency
3701,events_00028.parquet,A,True,frequency
3701,events_00030.parquet,A,True,frequency
3701,events_00032.parquet,A,True,frequency
3701,events_00034.parquet,A,True,frequency
3701,events_00036.parquet,A,True,frequency
3701,events_00038.parquet,A,True,frequency
3701,events_00040.parquet,A,True,frequency
3701,events_00042.parquet,A,True,frequency
3701,events_00044.parquet,A,True,frequency
3701,events_00046.parquet,A,True,frequency
3701,events_00048.parquet,A,True,frequency
3701,events_00050.parquet,A,True,frequency
3701,events_00052.parquet,A,True,frequency
3701,events_00054.parquet,A,True,frequency
3702,events_00055.parquet,A,True,frequency
3702,events_00057.parquet,A,True,frequency
3702,events_00059.parquet,A,True,frequency
3702,events_00061.parquet,A,True,frequency
3702,events_00063.parquet,A,True,frequency
3702,events_00065.parquet,A,True,frequency
3702,events_00067.parquet,A,True,frequency
3702,events_00069.parquet,A,True,frequency
3702,events_00071.parquet,A,True,frequency
3702,events_00073.parquet,A,True,frequency
3702,events_00075.parquet,A,True,frequency
3702,events_00077.parquet,A,True,frequency
3702,events_00079.parquet,A,True,frequency
3702,events_00081.parquet,A,True,frequency
3702,events_00083.parquet,A,True,frequency
3702,events_00085.parquet,A,True,frequency
3702,events_00087.parquet,A,True,frequency
3702,events_00089.parquet,A,True,frequency
3702,events_00091.parquet,A,True,frequency
3702,events_00093.parquet,A,True,frequency
3702,events_00095.parquet,A,True,frequency
3702,events_00097.parquet,A,True,frequency
3702,events_00099.parquet,A,True,frequency
3702,events_00101.parquet,A,True,frequency
3702,events_00103.parquet,A,True,frequency
3702,events_00105.parquet,A,True,frequency
3702,events_00107.parquet,A,True,frequency
3702,events_00109.parquet,A,True,frequency
3703,events_00110.parquet,A,True,frequency
3703,events_00112.parquet,A,True,frequency
3703,events_00114.parquet,A,True,frequency
3703,events_00116.parquet,A,True,frequency
3703,events_00118.parquet,A,True,frequency
3703,events_00120.parquet,A,True,frequency
3703,events_00122.parquet,A,True,frequency
3703,events_00124.parquet,A,True,frequency
3703,events_00126.parquet,A,True,frequency
3703,events_00128.parquet,A,True,frequency
3703,events_00130.parquet,A,True,frequency
3703,events_00132.parquet,A,True,frequency
3703,events_00134.parquet,A,True,frequency
3703,events_00136.parquet,A,True,frequency
3703,events_00138.parquet,A,True,frequency
3703,events_00140.parquet,A,True,frequency
3703,events_00142.parquet,A,True,frequency
3703,events_00144.parquet,A,True,frequency
3703,events_00146.parquet,A,True,frequency
3703,events_00148.parquet,A,True,frequency
3703,events_00150.parquet,A,True,frequency
3703,events_00152.parquet,A,True,frequency
3703,events_00154.parquet,A,True,frequency
3703,events_00156.parquet,A,True,frequency
3703,events_00158.parquet,A,True,frequency
3703,events_00160.parquet,A,True,frequency
3703,events_00162.parquet,A,True,frequency
3703,events_00164.parquet,A,True,frequency
