model,seed,interval_ms,phase,pulse,rest_ms,onset_s,input_events,sensory_spikes,total_spikes,resource_before,resource_after,aBN1,aBN1_latency_ms,aBN1_v_before_mV,aBN1_g_before_mV,aDN1,aDN1_latency_ms,aDN1_v_before_mV,aDN1_g_before_mV,aDN2,aDN2_latency_ms,aDN2_v_before_mV,aDN2_g_before_mV
static,1701,500.0,train,0,0.0,0.0,2125,2100,3040,1.0,1.0,10,19.5,-52.0,0.0,2,76.30000000000001,-52.0,0.0,3,66.0,-52.0,0.0
static,1701,500.0,train,1,0.0,0.5,2125,2100,3040,1.0,1.0,10,19.50000000000007,-51.99999743586427,1.9493638705256096e-25,2,76.30000000000004,-51.99999820735794,8.112215395688334e-26,3,66.00000000000006,-51.99999730075,6.717954331303032e-26
static,1701,500.0,train,2,0.0,1.0,2125,2100,3040,1.0,1.0,10,19.50000000000007,-51.99999743586427,1.9493638705256096e-25,2,76.30000000000004,-51.99999820735794,8.112215395688334e-26,3,66.00000000000006,-51.99999730075,6.717954331303032e-26
static,1701,500.0,train,3,0.0,1.5,2125,2100,3040,1.0,1.0,10,19.50000000000007,-51.99999743586427,1.9493638705256096e-25,2,76.30000000000004,-51.99999820735794,8.112215395688334e-26,3,66.00000000000006,-51.99999730075,6.717954331303032e-26
static,1701,500.0,train,4,0.0,2.0,2125,2100,3040,1.0,1.0,10,19.50000000000029,-51.99999743586427,1.9493638705256096e-25,2,76.30000000000025,-51.99999820735794,8.112215395688334e-26,3,66.00000000000028,-51.99999730075,6.717954331303032e-26
static,1701,500.0,train,5,0.0,2.5,2125,2100,3040,1.0,1.0,10,19.50000000000029,-51.99999743586427,1.9493638705256096e-25,2,76.30000000000025,-51.99999820735794,8.112215395688334e-26,3,66.00000000000028,-51.99999730075,6.717954331303032e-26
static,1701,500.0,train,6,0.0,3.0,2125,2100,3040,1.0,1.0,10,19.50000000000029,-51.99999743586427,1.9493638705256096e-25,2,76.30000000000025,-51.99999820735794,8.112215395688334e-26,3,66.00000000000028,-51.99999730075,6.717954331303032e-26
static,1701,500.0,train,7,0.0,3.5,2125,2100,3040,1.0,1.0,10,19.50000000000029,-51.99999743586427,1.9493638705256096e-25,2,76.30000000000025,-51.99999820735794,8.112215395688334e-26,3,66.00000000000028,-51.99999730075,6.717954331303032e-26
static,1701,500.0,train,8,0.0,4.0,2125,2100,3040,1.0,1.0,10,19.49999999999985,-51.99999743586427,1.9493638705256096e-25,2,76.29999999999981,-51.99999820735794,8.112215395688334e-26,3,65.99999999999983,-51.99999730075,6.717954331303032e-26
static,1701,500.0,train,9,0.0,4.5,2125,2100,3040,1.0,1.0,10,19.49999999999985,-51.99999743586427,1.9493638705256096e-25,2,76.29999999999981,-51.99999820735794,8.112215395688334e-26,3,65.99999999999983,-51.99999730075,6.717954331303032e-26
static,1701,500.0,train,10,0.0,5.0,2125,2100,3040,1.0,1.0,10,19.49999999999985,-51.99999743586427,1.9493638705256096e-25,2,76.29999999999981,-51.99999820735794,8.112215395688334e-26,3,65.99999999999983,-51.99999730075,6.717954331303032e-26
static,1701,500.0,train,11,0.0,5.5,2125,2100,3040,1.0,1.0,10,19.49999999999985,-51.99999743586427,1.9493638705256096e-25,2,76.3000000000007,-51.99999820735794,8.112215395688334e-26,3,65.99999999999983,-51.99999730075,6.717954331303032e-26
static,1701,500.0,recovery,-1,2000.0,7.8,2125,2100,3040,1.0,1.0,10,19.50000000000074,-51.99999999999894,8.787785089037362e-182,2,76.3000000000007,-51.99999999999894,3.6570086565761664e-182,3,66.00000000000072,-51.99999999999894,3.028471995099654e-182
static,1701,500.0,recovery,-1,10000.0,15.8,2125,2100,3040,1.0,1.0,10,19.50000000000074,-51.99999999999894,1.23516e-319,2,76.29999999999981,-51.99999999999894,1.23516e-319,3,66.00000000000072,-51.99999999999894,1.23516e-319
static,1701,2000.0,train,0,0.0,0.0,2125,2100,3040,1.0,1.0,10,19.5,-52.0,0.0,2,76.30000000000001,-52.0,0.0,3,66.0,-52.0,0.0
static,1701,2000.0,train,1,0.0,2.0,2125,2100,3040,1.0,1.0,10,19.50000000000029,-51.99999999999894,1.0035715511794286e-155,2,76.30000000000025,-51.99999999999894,4.1763309104305373e-156,3,66.00000000000028,-51.99999999999894,3.458537398254186e-156
static,1701,2000.0,train,2,0.0,4.0,2125,2100,3040,1.0,1.0,10,19.49999999999985,-51.99999999999894,1.0035715511794286e-155,2,76.29999999999981,-51.99999999999894,4.1763309104305373e-156,3,65.99999999999983,-51.99999999999894,3.458537398254186e-156
static,1701,2000.0,train,3,0.0,6.0,2125,2100,3040,1.0,1.0,10,19.49999999999985,-51.99999999999894,1.0035715511794286e-155,2,76.3000000000007,-51.99999999999894,4.1763309104305373e-156,3,66.00000000000072,-51.99999999999894,3.458537398254186e-156
static,1701,2000.0,train,4,0.0,8.0,2125,2100,3040,1.0,1.0,10,19.50000000000074,-51.99999999999894,1.0035715511794286e-155,2,76.29999999999981,-51.99999999999894,4.1763309104305373e-156,3,66.00000000000072,-51.99999999999894,3.458537398254186e-156
static,1701,2000.0,train,5,0.0,10.0,2125,2100,3040,1.0,1.0,10,19.50000000000074,-51.99999999999894,1.0035715511794286e-155,2,76.29999999999981,-51.99999999999894,4.1763309104305373e-156,3,66.00000000000072,-51.99999999999894,3.458537398254186e-156
static,1701,2000.0,train,6,0.0,12.0,2125,2100,3040,1.0,1.0,10,19.50000000000074,-51.99999999999894,1.0035715511794286e-155,2,76.29999999999981,-51.99999999999894,4.1763309104305373e-156,3,66.00000000000072,-51.99999999999894,3.458537398254186e-156
static,1701,2000.0,train,7,0.0,14.0,2125,2100,3040,1.0,1.0,10,19.50000000000074,-51.99999999999894,1.0035715511794286e-155,2,76.29999999999981,-51.99999999999894,4.1763309104305373e-156,3,66.00000000000072,-51.99999999999894,3.458537398254186e-156
static,1701,2000.0,train,8,0.0,16.0,2125,2100,3040,1.0,1.0,10,19.50000000000074,-51.99999999999894,1.0035715511794286e-155,2,76.29999999999981,-51.99999999999894,4.1763309104305373e-156,3,66.0000000000025,-51.99999999999894,3.458537398254186e-156
static,1701,2000.0,train,9,0.0,18.0,2125,2100,3040,1.0,1.0,10,19.50000000000074,-51.99999999999894,1.0035715511794286e-155,2,76.29999999999981,-51.99999999999894,4.1763309104305373e-156,3,66.0000000000025,-51.99999999999894,3.458537398254186e-156
static,1701,2000.0,train,10,0.0,20.0,2125,2100,3040,1.0,1.0,10,19.50000000000074,-51.99999999999894,1.0035715511794286e-155,2,76.29999999999981,-51.99999999999894,4.1763309104305373e-156,3,66.0000000000025,-51.99999999999894,3.458537398254186e-156
static,1701,2000.0,train,11,0.0,22.0,2125,2100,3040,1.0,1.0,10,19.50000000000074,-51.99999999999894,1.0035715511794286e-155,2,76.29999999999981,-51.99999999999894,4.1763309104305373e-156,3,66.0000000000025,-51.99999999999894,3.458537398254186e-156
static,1701,2000.0,recovery,-1,2000.0,24.3,2125,2100,3040,1.0,1.0,10,19.50000000000074,-51.99999999999894,8.787785089037362e-182,2,76.29999999999981,-51.99999999999894,3.6570086565761664e-182,3,65.99999999999895,-51.99999999999894,3.028471995099654e-182
static,1701,2000.0,recovery,-1,10000.0,32.3,2125,2100,3040,1.0,1.0,10,19.500000000007844,-51.99999999999894,1.23516e-319,2,76.30000000000337,-51.99999999999894,1.23516e-319,3,66.0000000000025,-51.99999999999894,1.23516e-319
static,1702,500.0,train,0,0.0,0.0,2080,2054,2916,1.0,1.0,10,18.9,-52.0,0.0,3,60.1,-52.0,0.0,4,40.400000000000006,-52.0,0.0
static,1702,500.0,train,1,0.0,0.5,2080,2054,2916,1.0,1.0,10,18.900000000000027,-51.99999766929967,1.2208249914001552e-25,3,60.10000000000005,-52.00000001658747,-2.94880033788572e-28,4,40.39999999999999,-51.999998581026034,1.2902013138609604e-26
static,1702,500.0,train,2,0.0,1.0,2080,2054,2916,1.0,1.0,10,18.90000000000014,-51.99999766929967,1.2208249914001552e-25,3,60.10000000000005,-52.00000001658747,-2.94880033788572e-28,4,40.39999999999999,-51.999998581026034,1.2902013138609604e-26
static,1702,500.0,train,3,0.0,1.5,2080,2054,2916,1.0,1.0,10,18.90000000000014,-51.99999766929967,1.2208249914001552e-25,3,60.10000000000005,-52.00000001658747,-2.94880033788572e-28,4,40.39999999999999,-51.999998581026034,1.2902013138609604e-26
static,1702,500.0,train,4,0.0,2.0,2080,2054,2916,1.0,1.0,10,18.89999999999992,-51.99999766929967,1.2208249914001552e-25,3,60.10000000000026,-52.00000001658747,-2.94880033788572e-28,4,40.39999999999999,-51.999998581026034,1.2902013138609604e-26
static,1702,500.0,train,5,0.0,2.5,2080,2054,2916,1.0,1.0,10,18.89999999999992,-51.99999766929967,1.2208249914001552e-25,3,60.10000000000026,-52.00000001658747,-2.94880033788572e-28,4,40.39999999999999,-51.999998581026034,1.2902013138609604e-26
static,1702,500.0,train,6,0.0,3.0,2080,2054,2916,1.0,1.0,10,18.90000000000036,-51.99999766929967,1.2208249914001552e-25,3,60.10000000000026,-52.00000001658747,-2.94880033788572e-28,4,40.39999999999999,-51.999998581026034,1.2902013138609604e-26
static,1702,500.0,train,7,0.0,3.5,2080,2054,2916,1.0,1.0,10,18.90000000000036,-51.99999766929967,1.2208249914001552e-25,3,60.10000000000026,-52.00000001658747,-2.94880033788572e-28,4,40.39999999999999,-51.999998581026034,1.2902013138609604e-26
static,1702,500.0,train,8,0.0,4.0,2080,2054,2916,1.0,1.0,10,18.90000000000036,-51.99999766929967,1.2208249914001552e-25,3,60.10000000000026,-52.00000001658747,-2.94880033788572e-28,4,40.39999999999999,-51.999998581026034,1.2902013138609604e-26
static,1702,500.0,train,9,0.0,4.5,2080,2054,2916,1.0,1.0,10,18.90000000000036,-51.99999766929967,1.2208249914001552e-25,3,60.10000000000026,-52.00000001658747,-2.94880033788572e-28,4,40.39999999999999,-51.999998581026034,1.2902013138609604e-26
static,1702,500.0,train,10,0.0,5.0,2080,2054,2916,1.0,1.0,10,18.90000000000036,-51.99999766929967,1.2208249914001552e-25,3,60.10000000000026,-52.00000001658747,-2.94880033788572e-28,4,40.39999999999999,-51.999998581026034,1.2902013138609604e-26
static,1702,500.0,train,11,0.0,5.5,2080,2054,2916,1.0,1.0,10,18.90000000000036,-51.99999766929967,1.2208249914001552e-25,3,60.10000000000026,-52.00000001658747,-2.94880033788572e-28,4,40.39999999999999,-51.999998581026034,1.2902013138609604e-26
static,1702,500.0,recovery,-1,2000.0,7.8,2080,2054,2916,1.0,1.0,10,18.90000000000036,-51.99999999999894,5.5035121035959875e-182,3,60.10000000000026,-52.00000000000032,-1.3293271734247034e-184,4,40.40000000000088,-51.99999999999894,5.81626244296135e-183
static,1702,500.0,recovery,-1,10000.0,15.8,2080,2054,2916,1.0,1.0,10,18.90000000000036,-51.99999999999894,1.23516e-319,3,60.10000000000026,-52.00000000000032,-1.23516e-319,4,40.39999999999999,-51.99999999999894,1.23516e-319
static,1702,2000.0,train,0,0.0,0.0,2080,2054,2916,1.0,1.0,10,18.9,-52.0,0.0,3,60.1,-52.0,0.0,4,40.400000000000006,-52.0,0.0
static,1702,2000.0,train,1,0.0,2.0,2080,2054,2916,1.0,1.0,10,18.89999999999992,-51.99999999999894,6.285051492247625e-156,3,60.10000000000026,-52.00000000000032,-1.5181014555340375e-158,4,40.39999999999999,-51.99999999999894,6.642214690970288e-157
static,1702,2000.0,train,2,0.0,4.0,2080,2054,2916,1.0,1.0,10,18.90000000000036,-51.99999999999894,6.285051492247625e-156,3,60.10000000000026,-52.00000000000032,-1.5181014555340375e-158,4,40.39999999999999,-51.99999999999894,6.642214690970288e-157
static,1702,2000.0,train,3,0.0,6.0,2080,2054,2916,1.0,1.0,10,18.90000000000036,-51.99999999999894,6.285051492247625e-156,3,60.10000000000026,-52.00000000000032,-1.5181014555340375e-158,4,40.39999999999999,-51.99999999999894,6.642214690970288e-157
static,1702,2000.0,train,4,0.0,8.0,2080,2054,2916,1.0,1.0,10,18.90000000000036,-51.99999999999894,6.285051492247625e-156,3,60.10000000000026,-52.00000000000032,-1.5181014555340375e-158,4,40.39999999999999,-51.99999999999894,6.642214690970288e-157
static,1702,2000.0,train,5,0.0,10.0,2080,2054,2916,1.0,1.0,10,18.90000000000036,-51.99999999999894,6.285051492247625e-156,3,60.10000000000026,-52.00000000000032,-1.5181014555340375e-158,4,40.39999999999999,-51.99999999999894,6.642214690970288e-157
static,1702,2000.0,train,6,0.0,12.0,2080,2054,2916,1.0,1.0,10,18.90000000000036,-51.99999999999894,6.285051492247625e-156,3,60.10000000000026,-52.00000000000032,-1.5181014555340375e-158,4,40.39999999999999,-51.99999999999894,6.642214690970288e-157
static,1702,2000.0,train,7,0.0,14.0,2080,2054,2916,1.0,1.0,10,18.90000000000036,-51.99999999999894,6.285051492247625e-156,3,60.10000000000026,-52.00000000000032,-1.5181014555340375e-158,4,40.39999999999999,-51.99999999999894,6.642214690970288e-157
static,1702,2000.0,train,8,0.0,16.0,2080,2054,2916,1.0,1.0,10,18.900000000002137,-51.99999999999894,6.285051492247625e-156,3,60.10000000000204,-52.00000000000032,-1.5181014555340375e-158,4,40.40000000000177,-51.99999999999894,6.642214690970288e-157
static,1702,2000.0,train,9,0.0,18.0,2080,2054,2916,1.0,1.0,10,18.900000000002137,-51.99999999999894,6.285051492247625e-156,3,60.10000000000204,-52.00000000000032,-1.5181014555340375e-158,4,40.40000000000177,-51.99999999999894,6.642214690970288e-157
static,1702,2000.0,train,10,0.0,20.0,2080,2054,2916,1.0,1.0,10,18.900000000002137,-51.99999999999894,6.285051492247625e-156,3,60.10000000000204,-52.00000000000032,-1.5181014555340375e-158,4,40.40000000000177,-51.99999999999894,6.642214690970288e-157
static,1702,2000.0,train,11,0.0,22.0,2080,2054,2916,1.0,1.0,10,18.900000000002137,-51.99999999999894,6.285051492247625e-156,3,60.10000000000204,-52.00000000000032,-1.5181014555340375e-158,4,40.40000000000177,-51.99999999999894,6.642214690970288e-157
static,1702,2000.0,recovery,-1,2000.0,24.3,2080,2054,2916,1.0,1.0,10,18.900000000002137,-51.99999999999894,5.5035121035959875e-182,3,60.10000000000204,-52.00000000000032,-1.3293271734247034e-184,4,40.40000000000177,-51.99999999999894,5.81626244296135e-183
static,1702,2000.0,recovery,-1,10000.0,32.3,2080,2054,2916,1.0,1.0,10,18.900000000002137,-51.99999999999894,1.23516e-319,3,60.10000000000559,-52.00000000000032,-1.23516e-319,4,40.40000000000532,-51.99999999999894,1.23516e-319
static,1703,500.0,train,0,0.0,0.0,2145,2109,3062,1.0,1.0,10,19.0,-52.0,0.0,3,57.4,-52.0,0.0,4,43.2,-52.0,0.0
static,1703,500.0,train,1,0.0,0.5,2145,2109,3062,1.0,1.0,10,19.000000000000018,-51.99999613311475,3.5305601565328467e-25,3,57.400000000000006,-51.99999824066675,6.034485863754262e-26,4,43.20000000000002,-51.999997735696304,8.040257047695028e-26
static,1703,500.0,train,2,0.0,1.0,2145,2109,3062,1.0,1.0,10,19.000000000000128,-51.99999613311475,3.5305601565328467e-25,3,57.40000000000012,-51.99999824066675,6.034485863754262e-26,4,43.20000000000013,-51.999997735696304,8.040257047695028e-26
static,1703,500.0,train,3,0.0,1.5,2145,2109,3062,1.0,1.0,10,19.000000000000128,-51.99999613311475,3.5305601565328467e-25,3,57.40000000000012,-51.99999824066675,6.034485863754262e-26,4,43.20000000000013,-51.999997735696304,8.040257047695028e-26
static,1703,500.0,train,4,0.0,2.0,2145,2109,3062,1.0,1.0,10,19.000000000000128,-51.99999613311475,3.5305601565328467e-25,3,57.39999999999989,-51.99999824066675,6.034485863754262e-26,4,43.20000000000013,-51.999997735696304,8.040257047695028e-26
static,1703,500.0,train,5,0.0,2.5,2145,2109,3062,1.0,1.0,10,19.000000000000128,-51.99999613311475,3.5305601565328467e-25,3,57.40000000000034,-51.99999824066675,6.034485863754262e-26,4,43.20000000000013,-51.999997735696304,8.040257047695028e-26
static,1703,500.0,train,6,0.0,3.0,2145,2109,3062,1.0,1.0,10,19.000000000000128,-51.99999613311475,3.5305601565328467e-25,3,57.40000000000034,-51.99999824066675,6.034485863754262e-26,4,43.20000000000013,-51.999997735696304,8.040257047695028e-26
static,1703,500.0,train,7,0.0,3.5,2145,2109,3062,1.0,1.0,10,19.000000000000128,-51.99999613311475,3.5305601565328467e-25,3,57.40000000000034,-51.99999824066675,6.034485863754262e-26,4,43.20000000000013,-51.999997735696304,8.040257047695028e-26
static,1703,500.0,train,8,0.0,4.0,2145,2109,3062,1.0,1.0,10,19.000000000000128,-51.99999613311475,3.5305601565328467e-25,3,57.40000000000034,-51.99999824066675,6.034485863754262e-26,4,43.20000000000057,-51.999997735696304,8.040257047695028e-26
static,1703,500.0,train,9,0.0,4.5,2145,2109,3062,1.0,1.0,10,19.000000000000128,-51.99999613311475,3.5305601565328467e-25,3,57.40000000000034,-51.99999824066675,6.034485863754262e-26,4,43.20000000000057,-51.999997735696304,8.040257047695028e-26
static,1703,500.0,train,10,0.0,5.0,2145,2109,3062,1.0,1.0,10,19.000000000000128,-51.99999613311475,3.5305601565328467e-25,3,57.40000000000034,-51.99999824066675,6.034485863754262e-26,4,43.20000000000057,-51.999997735696304,8.040257047695028e-26
static,1703,500.0,train,11,0.0,5.5,2145,2109,3062,1.0,1.0,10,19.000000000000128,-51.99999613311475,3.5305601565328467e-25,3,57.40000000000034,-51.99999824066675,6.034485863754262e-26,4,43.20000000000057,-51.999997735696304,8.040257047695028e-26
static,1703,500.0,recovery,-1,2000.0,7.8,2145,2109,3062,1.0,1.0,10,19.000000000000128,-51.99999999999894,1.591586074238821e-181,3,57.40000000000034,-51.99999999999894,2.7203625600800615e-182,4,43.20000000000057,-51.99999999999894,3.624569638541135e-182
static,1703,500.0,recovery,-1,10000.0,15.8,2145,2109,3062,1.0,1.0,10,19.000000000000128,-51.99999999999894,1.23516e-319,3,57.39999999999945,-51.99999999999894,1.23516e-319,4,43.20000000000057,-51.99999999999894,1.23516e-319
static,1703,2000.0,train,0,0.0,0.0,2145,2109,3062,1.0,1.0,10,19.0,-52.0,0.0,3,57.4,-52.0,0.0,4,43.2,-52.0,0.0
static,1703,2000.0,train,1,0.0,2.0,2145,2109,3062,1.0,1.0,10,19.000000000000128,-51.99999999999894,1.817603058308751e-155,3,57.39999999999989,-51.99999999999894,3.1066741465898154e-156,4,43.20000000000013,-51.99999999999894,4.139285312116183e-156
static,1703,2000.0,train,2,0.0,4.0,2145,2109,3062,1.0,1.0,10,19.000000000000128,-51.99999999999894,1.817603058308751e-155,3,57.40000000000034,-51.99999999999894,3.1066741465898154e-156,4,43.20000000000057,-51.99999999999894,4.139285312116183e-156
static,1703,2000.0,train,3,0.0,6.0,2145,2109,3062,1.0,1.0,10,19.000000000000128,-51.99999999999894,1.817603058308751e-155,3,57.40000000000034,-51.99999999999894,3.1066741465898154e-156,4,43.20000000000057,-51.99999999999894,4.139285312116183e-156
static,1703,2000.0,train,4,0.0,8.0,2145,2109,3062,1.0,1.0,10,19.000000000000128,-51.99999999999894,1.817603058308751e-155,3,57.40000000000123,-51.99999999999894,3.1066741465898154e-156,4,43.20000000000057,-51.99999999999894,4.139285312116183e-156
static,1703,2000.0,train,5,0.0,10.0,2145,2109,3062,1.0,1.0,10,19.000000000000128,-51.99999999999894,1.817603058308751e-155,3,57.40000000000123,-51.99999999999894,3.1066741465898154e-156,4,43.20000000000057,-51.99999999999894,4.139285312116183e-156
static,1703,2000.0,train,6,0.0,12.0,2145,2109,3062,1.0,1.0,10,19.000000000000128,-51.99999999999894,1.817603058308751e-155,3,57.40000000000123,-51.99999999999894,3.1066741465898154e-156,4,43.20000000000057,-51.99999999999894,4.139285312116183e-156
static,1703,2000.0,train,7,0.0,14.0,2145,2109,3062,1.0,1.0,10,19.000000000000128,-51.99999999999894,1.817603058308751e-155,3,57.40000000000123,-51.99999999999894,3.1066741465898154e-156,4,43.20000000000057,-51.99999999999894,4.139285312116183e-156
static,1703,2000.0,train,8,0.0,16.0,2145,2109,3062,1.0,1.0,10,19.000000000001904,-51.99999999999894,1.817603058308751e-155,3,57.40000000000123,-51.99999999999894,3.1066741465898154e-156,4,43.20000000000235,-51.99999999999894,4.139285312116183e-156
static,1703,2000.0,train,9,0.0,18.0,2145,2109,3062,1.0,1.0,10,19.000000000001904,-51.99999999999894,1.817603058308751e-155,3,57.40000000000123,-51.99999999999894,3.1066741465898154e-156,4,43.20000000000235,-51.99999999999894,4.139285312116183e-156
static,1703,2000.0,train,10,0.0,20.0,2145,2109,3062,1.0,1.0,10,19.000000000001904,-51.99999999999894,1.817603058308751e-155,3,57.40000000000123,-51.99999999999894,3.1066741465898154e-156,4,43.20000000000235,-51.99999999999894,4.139285312116183e-156
static,1703,2000.0,train,11,0.0,22.0,2145,2109,3062,1.0,1.0,10,19.000000000001904,-51.99999999999894,1.817603058308751e-155,3,57.40000000000123,-51.99999999999894,3.1066741465898154e-156,4,43.20000000000235,-51.99999999999894,4.139285312116183e-156
static,1703,2000.0,recovery,-1,2000.0,24.3,2145,2109,3062,1.0,1.0,10,19.000000000001904,-51.99999999999894,1.591586074238821e-181,3,57.40000000000123,-51.99999999999894,2.7203625600800615e-182,4,43.1999999999988,-51.99999999999894,3.624569638541135e-182
static,1703,2000.0,recovery,-1,10000.0,32.3,2145,2109,3062,1.0,1.0,10,19.000000000005457,-51.99999999999894,1.23516e-319,3,57.40000000000123,-51.99999999999894,1.23516e-319,4,43.2000000000059,-51.99999999999894,1.23516e-319
static,1704,500.0,train,0,0.0,0.0,2171,2134,3037,1.0,1.0,10,15.8,-52.0,0.0,2,54.0,-52.0,0.0,3,41.0,-52.0,0.0
static,1704,500.0,train,1,0.0,0.5,2171,2134,3037,1.0,1.0,10,15.800000000000036,-51.99999581894841,3.5714574362817067e-25,2,54.00000000000005,-51.99999777243669,3.069398536560943e-26,3,41.00000000000004,-51.99999738146497,4.4719173703070654e-26
static,1704,500.0,train,2,0.0,1.0,2171,2134,3037,1.0,1.0,10,15.800000000000036,-51.99999581894841,3.5714574362817067e-25,2,54.00000000000005,-51.99999777243669,3.069398536560943e-26,3,41.00000000000015,-51.99999738146497,4.4719173703070654e-26
static,1704,500.0,train,3,0.0,1.5,2171,2134,3037,1.0,1.0,10,15.800000000000036,-51.99999581894841,3.5714574362817067e-25,2,54.00000000000005,-51.99999777243669,3.069398536560943e-26,3,41.00000000000015,-51.99999738146497,4.4719173703070654e-26
static,1704,500.0,train,4,0.0,2.0,2171,2134,3037,1.0,1.0,10,15.800000000000036,-51.99999581894841,3.5714574362817067e-25,2,54.00000000000027,-51.99999777243669,3.069398536560943e-26,3,40.99999999999993,-51.99999738146497,4.4719173703070654e-26
static,1704,500.0,train,5,0.0,2.5,2171,2134,3037,1.0,1.0,10,15.800000000000036,-51.99999581894841,3.5714574362817067e-25,2,54.00000000000027,-51.99999777243669,3.069398536560943e-26,3,40.99999999999993,-51.99999738146497,4.4719173703070654e-26
static,1704,500.0,train,6,0.0,3.0,2171,2134,3037,1.0,1.0,10,15.800000000000036,-51.99999581894841,3.5714574362817067e-25,2,54.00000000000027,-51.99999777243669,3.069398536560943e-26,3,40.99999999999993,-51.99999738146497,4.4719173703070654e-26
static,1704,500.0,train,7,0.0,3.5,2171,2134,3037,1.0,1.0,10,15.800000000000036,-51.99999581894841,3.5714574362817067e-25,2,54.00000000000027,-51.99999777243669,3.069398536560943e-26,3,41.00000000000037,-51.99999738146497,4.4719173703070654e-26
static,1704,500.0,train,8,0.0,4.0,2171,2134,3037,1.0,1.0,10,15.80000000000048,-51.99999581894841,3.5714574362817067e-25,2,54.00000000000027,-51.99999777243669,3.069398536560943e-26,3,41.00000000000037,-51.99999738146497,4.4719173703070654e-26
static,1704,500.0,train,9,0.0,4.5,2171,2134,3037,1.0,1.0,10,15.80000000000048,-51.99999581894841,3.5714574362817067e-25,2,54.00000000000027,-51.99999777243669,3.069398536560943e-26,3,41.00000000000037,-51.99999738146497,4.4719173703070654e-26
static,1704,500.0,train,10,0.0,5.0,2171,2134,3037,1.0,1.0,10,15.80000000000048,-51.99999581894841,3.5714574362817067e-25,2,54.00000000000027,-51.99999777243669,3.069398536560943e-26,3,41.00000000000037,-51.99999738146497,4.4719173703070654e-26
static,1704,500.0,train,11,0.0,5.5,2171,2134,3037,1.0,1.0,10,15.80000000000048,-51.99999581894841,3.5714574362817067e-25,2,54.00000000000027,-51.99999777243669,3.069398536560943e-26,3,41.00000000000037,-51.99999738146497,4.4719173703070654e-26
static,1704,500.0,recovery,-1,2000.0,7.8,2171,2134,3037,1.0,1.0,10,15.80000000000048,-51.99999999999894,1.6100226786405654e-181,2,54.00000000000027,-51.99999999999894,1.3836931677937922e-182,3,41.00000000000037,-51.99999999999894,2.015952454048272e-182
static,1704,500.0,recovery,-1,10000.0,15.8,2171,2134,3037,1.0,1.0,10,15.80000000000048,-51.99999999999894,1.23516e-319,2,54.00000000000027,-51.99999999999894,1.23516e-319,3,41.00000000000037,-51.99999999999894,1.23516e-319
static,1704,2000.0,train,0,0.0,0.0,2171,2134,3037,1.0,1.0,10,15.8,-52.0,0.0,2,54.0,-52.0,0.0,3,41.0,-52.0,0.0
static,1704,2000.0,train,1,0.0,2.0,2171,2134,3037,1.0,1.0,10,15.800000000000036,-51.99999999999894,1.8386577967786444e-155,2,54.00000000000027,-51.99999999999894,1.5801878228582294e-156,3,40.99999999999993,-51.99999999999894,2.3022326000405387e-156
static,1704,2000.0,train,2,0.0,4.0,2171,2134,3037,1.0,1.0,10,15.80000000000048,-51.99999999999894,1.8386577967786444e-155,2,54.00000000000027,-51.99999999999894,1.5801878228582294e-156,3,41.00000000000037,-51.99999999999894,2.3022326000405387e-156
static,1704,2000.0,train,3,0.0,6.0,2171,2134,3037,1.0,1.0,10,15.80000000000048,-51.99999999999894,1.8386577967786444e-155,2,54.00000000000027,-51.99999999999894,1.5801878228582294e-156,3,41.00000000000037,-51.99999999999894,2.3022326000405387e-156
static,1704,2000.0,train,4,0.0,8.0,2171,2134,3037,1.0,1.0,10,15.80000000000048,-51.99999999999894,1.8386577967786444e-155,2,54.00000000000027,-51.99999999999894,1.5801878228582294e-156,3,41.00000000000037,-51.99999999999894,2.3022326000405387e-156
static,1704,2000.0,train,5,0.0,10.0,2171,2134,3037,1.0,1.0,10,15.80000000000048,-51.99999999999894,1.8386577967786444e-155,2,54.00000000000027,-51.99999999999894,1.5801878228582294e-156,3,41.00000000000037,-51.99999999999894,2.3022326000405387e-156
static,1704,2000.0,train,6,0.0,12.0,2171,2134,3037,1.0,1.0,10,15.80000000000048,-51.99999999999894,1.8386577967786444e-155,2,54.00000000000027,-51.99999999999894,1.5801878228582294e-156,3,41.00000000000037,-51.99999999999894,2.3022326000405387e-156
static,1704,2000.0,train,7,0.0,14.0,2171,2134,3037,1.0,1.0,10,15.80000000000048,-51.99999999999894,1.8386577967786444e-155,2,54.00000000000027,-51.99999999999894,1.5801878228582294e-156,3,41.00000000000037,-51.99999999999894,2.3022326000405387e-156
static,1704,2000.0,train,8,0.0,16.0,2171,2134,3037,1.0,1.0,10,15.800000000002257,-51.99999999999894,1.8386577967786444e-155,2,54.000000000002046,-51.99999999999894,1.5801878228582294e-156,3,41.00000000000037,-51.99999999999894,2.3022326000405387e-156
static,1704,2000.0,train,9,0.0,18.0,2171,2134,3037,1.0,1.0,10,15.800000000002257,-51.99999999999894,1.8386577967786444e-155,2,54.000000000002046,-51.99999999999894,1.5801878228582294e-156,3,41.00000000000037,-51.99999999999894,2.3022326000405387e-156
static,1704,2000.0,train,10,0.0,20.0,2171,2134,3037,1.0,1.0,10,15.800000000002257,-51.99999999999894,1.8386577967786444e-155,2,54.000000000002046,-51.99999999999894,1.5801878228582294e-156,3,41.00000000000037,-51.99999999999894,2.3022326000405387e-156
static,1704,2000.0,train,11,0.0,22.0,2171,2134,3037,1.0,1.0,10,15.800000000002257,-51.99999999999894,1.8386577967786444e-155,2,54.000000000002046,-51.99999999999894,1.5801878228582294e-156,3,41.00000000000037,-51.99999999999894,2.3022326000405387e-156
static,1704,2000.0,recovery,-1,2000.0,24.3,2171,2134,3037,1.0,1.0,10,15.799999999998704,-51.99999999999894,1.6100226786405654e-181,2,54.000000000002046,-51.99999999999894,1.3836931677937922e-182,3,41.00000000000037,-51.99999999999894,2.015952454048272e-182
static,1704,2000.0,recovery,-1,10000.0,32.3,2171,2134,3037,1.0,1.0,10,15.80000000000581,-51.99999999999894,1.23516e-319,2,54.000000000002046,-51.99999999999894,1.23516e-319,3,41.00000000000392,-51.99999999999894,1.23516e-319
static,1705,500.0,train,0,0.0,0.0,2094,2065,2966,1.0,1.0,9,30.700000000000003,-52.0,0.0,1,152.4,-52.0,0.0,3,86.8,-52.0,0.0
static,1705,500.0,train,1,0.0,0.5,2094,2065,2966,1.0,1.0,9,30.70000000000006,-51.99999992643113,2.1077795146303055e-26,1,152.39999999999998,-51.99999608309053,3.217349622195589e-25,3,86.79999999999998,-51.99999666539814,4.0433851019155677e-25
static,1705,500.0,train,2,0.0,1.0,2094,2065,2966,1.0,1.0,9,30.69999999999995,-51.99999992643113,2.1077795146303055e-26,1,152.4000000000001,-51.99999608309053,3.217349622195589e-25,3,86.79999999999998,-51.99999666539814,4.0433851019155677e-25
static,1705,500.0,train,3,0.0,1.5,2094,2065,2966,1.0,1.0,9,30.700000000000173,-51.99999992643113,2.1077795146303055e-26,1,152.4000000000001,-51.99999608309053,3.217349622195589e-25,3,86.79999999999998,-51.99999666539814,4.0433851019155677e-25
static,1705,500.0,train,4,0.0,2.0,2094,2065,2966,1.0,1.0,9,30.69999999999995,-51.99999992643113,2.1077795146303055e-26,1,152.4000000000001,-51.99999608309053,3.217349622195589e-25,3,86.80000000000021,-51.99999666539814,4.0433851019155677e-25
static,1705,500.0,train,5,0.0,2.5,2094,2065,2966,1.0,1.0,9,30.69999999999995,-51.99999992643113,2.1077795146303055e-26,1,152.4000000000001,-51.99999608309053,3.217349622195589e-25,3,86.80000000000021,-51.99999666539814,4.0433851019155677e-25
static,1705,500.0,train,6,0.0,3.0,2094,2065,2966,1.0,1.0,9,30.69999999999995,-51.99999992643113,2.1077795146303055e-26,1,152.4000000000001,-51.99999608309053,3.217349622195589e-25,3,86.80000000000021,-51.99999666539814,4.0433851019155677e-25
static,1705,500.0,train,7,0.0,3.5,2094,2065,2966,1.0,1.0,9,30.69999999999995,-51.99999992643113,2.1077795146303055e-26,1,152.4000000000001,-51.99999608309053,3.217349622195589e-25,3,86.80000000000021,-51.99999666539814,4.0433851019155677e-25
static,1705,500.0,train,8,0.0,4.0,2094,2065,2966,1.0,1.0,9,30.700000000000397,-51.99999992643113,2.1077795146303055e-26,1,152.4000000000001,-51.99999608309053,3.217349622195589e-25,3,86.80000000000021,-51.99999666539814,4.0433851019155677e-25
static,1705,500.0,train,9,0.0,4.5,2094,2065,2966,1.0,1.0,9,30.700000000000397,-51.99999992643113,2.1077795146303055e-26,1,152.4000000000001,-51.99999608309053,3.217349622195589e-25,3,86.80000000000021,-51.99999666539814,4.0433851019155677e-25
static,1705,500.0,train,10,0.0,5.0,2094,2065,2966,1.0,1.0,9,30.700000000000397,-51.99999992643113,2.1077795146303055e-26,1,152.4000000000001,-51.99999608309053,3.217349622195589e-25,3,86.80000000000021,-51.99999666539814,4.0433851019155677e-25
static,1705,500.0,train,11,0.0,5.5,2094,2065,2966,1.0,1.0,9,30.700000000000397,-51.99999992643113,2.1077795146303055e-26,1,152.4000000000001,-51.99999608309053,3.217349622195589e-25,3,86.80000000000021,-51.99999666539814,4.0433851019155677e-25
static,1705,500.0,recovery,-1,2000.0,7.8,2094,2065,2966,1.0,1.0,9,30.700000000000397,-51.99999999999894,9.501927100276234e-183,1,152.40000000000097,-51.99999999999894,1.4503899176364098e-181,3,86.80000000000021,-51.99999999999894,1.8227689476089781e-181
static,1705,500.0,recovery,-1,10000.0,15.8,2094,2065,2966,1.0,1.0,9,30.699999999999505,-51.99999999999894,1.23516e-319,1,152.4000000000001,-51.99999999999894,1.23516e-319,3,86.80000000000021,-51.99999999999894,1.23516e-319
static,1705,2000.0,train,0,0.0,0.0,2094,2065,2966,1.0,1.0,9,30.700000000000003,-52.0,0.0,1,152.4,-52.0,0.0,3,86.8,-52.0,0.0
static,1705,2000.0,train,1,0.0,2.0,2094,2065,2966,1.0,1.0,9,30.69999999999995,-51.99999999999894,1.0851270966007015e-156,1,152.4000000000001,-51.99999999999894,1.6563560040551948e-155,3,86.80000000000021,-51.99999999999894,2.081615608096321e-155
static,1705,2000.0,train,2,0.0,4.0,2094,2065,2966,1.0,1.0,9,30.700000000000397,-51.99999999999894,1.0851270966007015e-156,1,152.4000000000001,-51.99999999999894,1.6563560040551948e-155,3,86.80000000000021,-51.99999999999894,2.081615608096321e-155
static,1705,2000.0,train,3,0.0,6.0,2094,2065,2966,1.0,1.0,9,30.700000000000397,-51.99999999999894,1.0851270966007015e-156,1,152.4000000000001,-51.99999999999894,1.6563560040551948e-155,3,86.80000000000021,-51.99999999999894,2.081615608096321e-155
static,1705,2000.0,train,4,0.0,8.0,2094,2065,2966,1.0,1.0,9,30.699999999999505,-51.99999999999894,1.0851270966007015e-156,1,152.4000000000001,-51.99999999999894,1.6563560040551948e-155,3,86.80000000000021,-51.99999999999894,2.081615608096321e-155
static,1705,2000.0,train,5,0.0,10.0,2094,2065,2966,1.0,1.0,9,30.70000000000128,-51.99999999999894,1.0851270966007015e-156,1,152.4000000000001,-51.99999999999894,1.6563560040551948e-155,3,86.80000000000021,-51.99999999999894,2.081615608096321e-155
static,1705,2000.0,train,6,0.0,12.0,2094,2065,2966,1.0,1.0,9,30.70000000000128,-51.99999999999894,1.0851270966007015e-156,1,152.4000000000001,-51.99999999999894,1.6563560040551948e-155,3,86.80000000000021,-51.99999999999894,2.081615608096321e-155
static,1705,2000.0,train,7,0.0,14.0,2094,2065,2966,1.0,1.0,9,30.70000000000128,-51.99999999999894,1.0851270966007015e-156,1,152.4000000000001,-51.99999999999894,1.6563560040551948e-155,3,86.80000000000021,-51.99999999999894,2.081615608096321e-155
static,1705,2000.0,train,8,0.0,16.0,2094,2065,2966,1.0,1.0,9,30.699999999999505,-51.99999999999894,1.0851270966007015e-156,1,152.4000000000001,-51.99999999999894,1.6563560040551948e-155,3,86.80000000000021,-51.99999999999894,2.081615608096321e-155
static,1705,2000.0,train,9,0.0,18.0,2094,2065,2966,1.0,1.0,9,30.699999999999505,-51.99999999999894,1.0851270966007015e-156,1,152.4000000000001,-51.99999999999894,1.6563560040551948e-155,3,86.80000000000021,-51.99999999999894,2.081615608096321e-155
static,1705,2000.0,train,10,0.0,20.0,2094,2065,2966,1.0,1.0,9,30.699999999999505,-51.99999999999894,1.0851270966007015e-156,1,152.4000000000001,-51.99999999999894,1.6563560040551948e-155,3,86.80000000000021,-51.99999999999894,2.081615608096321e-155
static,1705,2000.0,train,11,0.0,22.0,2094,2065,2966,1.0,1.0,9,30.699999999999505,-51.99999999999894,1.0851270966007015e-156,1,152.4000000000001,-51.99999999999894,1.6563560040551948e-155,3,86.80000000000021,-51.99999999999894,2.081615608096321e-155
static,1705,2000.0,recovery,-1,2000.0,24.3,2094,2065,2966,1.0,1.0,9,30.699999999999505,-51.99999999999894,9.501927100276234e-183,1,152.4000000000001,-51.99999999999894,1.4503899176364098e-181,3,86.80000000000021,-51.99999999999894,1.8227689476089781e-181
static,1705,2000.0,recovery,-1,10000.0,32.3,2094,2065,2966,1.0,1.0,9,30.700000000003055,-51.99999999999894,1.23516e-319,1,152.4000000000072,-51.99999999999894,1.23516e-319,3,86.80000000000376,-51.99999999999894,1.23516e-319
std,1701,500.0,train,0,0.0,0.0,2125,2100,2812,1.0,0.7668307925872346,8,19.700000000000003,-52.0,0.0,0,,-52.0,0.0,2,92.6,-52.0,0.0
std,1701,500.0,train,1,0.0,0.5,2125,2100,2608,0.7890197763991423,0.6330216007969758,5,33.49999999999997,-51.99999769810012,9.23010021852744e-26,0,,-51.999998243316575,6.12860492798751e-27,0,,-51.999998574741184,1.3494098255978768e-26
std,1701,500.0,train,2,0.0,1.0,2125,2100,2519,0.6679442127901658,0.5559853629475497,3,43.400000000000105,-52.00000030015215,-3.9494617481877366e-26,0,,-51.999997886412736,1.0420395441734804e-25,0,,-51.9999970789888,1.4295619371190408e-25
std,1701,500.0,train,3,0.0,1.5,2125,2100,2446,0.5982389422392872,0.5114955742050321,2,51.00000000000016,-51.99999819816718,1.0076185026190083e-26,0,,-51.9999996588428,-7.649565694905374e-28,0,,-51.99999949282418,1.944175297642448e-28
std,1701,500.0,train,4,0.0,2.0,2125,2100,2443,0.5579829166645423,0.48572396291898,1,88.30000000000027,-51.99999850002628,-7.651006224672431e-26,0,,-52.00000001335276,-4.4116871693208365e-28,0,,-51.9999999841961,1.2222545764730472e-34
std,1701,500.0,train,5,0.0,2.5,2125,2100,2419,0.5346637984498446,0.4707513704460814,1,89.90000000000009,-51.99999816805417,-9.74620644899924e-26,0,,-52.000000008173465,-9.663468675517343e-29,0,,-51.99999998773022,7.410761255654617e-35
std,1701,500.0,train,6,0.0,3.0,2125,2100,2389,0.5211160365353622,0.4620280103279184,1,90.10000000000008,-51.99999803310925,4.642496708847209e-26,0,,-52.00000002435487,-1.7176174530484398e-27,0,,-51.999999986708346,1.0205565080027181e-34
std,1701,500.0,train,7,0.0,3.5,2125,2100,2375,0.5132228138894457,0.4569316695733337,1,90.30000000000004,-51.9999980821198,4.418122724277288e-26,0,,-52.00000003046063,-3.391670597760702e-27,0,,-51.99999998657477,1.0622062092013892e-34
std,1701,500.0,train,8,0.0,4.0,2125,2100,2374,0.508611454079636,0.4539464437578996,1,90.20000000000029,-51.99999795176864,5.613311886905001e-26,0,,-52.00000003102868,-3.601584611994655e-27,0,,-51.99999998643985,1.10555566695086e-34
std,1701,500.0,train,9,0.0,4.5,2125,2100,2387,0.5059103100605444,0.452193385792201,1,90.80000000000068,-51.99999802788942,5.332143483605153e-26,0,,-52.00000003308134,-4.2291080048914495e-27,0,,-51.99999998650748,1.0836641980119979e-34
std,1701,500.0,train,10,0.0,5.0,2125,2100,2377,0.5043240776171941,0.4511614031635046,1,91.09999999999997,-51.99999805994758,4.296846616197081e-26,0,,-52.00000003328748,-4.1499443449340106e-27,0,,-51.99999998609659,1.221827971427817e-34
std,1701,500.0,train,11,0.0,5.5,2125,2100,2376,0.5033903011199866,0.4505524795245068,1,91.2000000000006,-51.99999827482152,2.787757562082738e-26,0,,-52.000000004876966,-8.053408991318553e-29,0,,-51.99999998588648,1.2973815936534362e-34
std,1701,500.0,recovery,-1,2000.0,7.8,2125,2100,2629,0.7978695532144409,0.6380952198215473,6,32.900000000000595,-51.99999999999894,1.5276956312715195e-182,0,,-52.00000000000032,-3.7036856325643305e-185,2,59.90000000000073,-51.99999999999894,5.96678152896664e-191
std,1701,500.0,recovery,-1,10000.0,15.8,2125,2100,2832,0.9962978517282572,0.7644729183243241,9,19.80000000000004,-51.99999999999894,1.23516e-319,1,106.1999999999994,-52.00000000000032,-1.23516e-319,2,92.10000000000028,-51.99999999999894,1.23516e-319
std,1701,2000.0,train,0,0.0,0.0,2125,2100,2812,1.0,0.7668307925872346,8,19.700000000000003,-52.0,0.0,0,,-52.0,0.0,2,92.6,-52.0,0.0
std,1701,2000.0,train,1,0.0,2.0,2125,2100,2717,0.9003399990811343,0.7036238059362088,7,22.499999999999964,-51.99999999999894,4.751840399787182e-156,1,100.8,-51.99999999999894,3.1551285253316966e-157,1,95.60000000000014,-51.99999999999894,6.947031964262624e-157
std,1701,2000.0,train,2,0.0,4.0,2125,2100,2705,0.873324389183002,0.6864346978476338,7,23.600000000000065,-51.99999999999894,4.4800856184477966e-156,1,103.10000000000042,-51.99999999999894,-9.563032060051764e-158,1,97.40000000000038,-51.99999999999894,4.329841817491506e-158
std,1701,2000.0,train,3,0.0,6.0,2125,2100,2686,0.8659775077190647,0.6817455086132512,6,23.90000000000025,-51.99999999999894,-1.6964391079557124e-156,1,103.50000000000036,-51.99999999999894,5.193808864128944e-156,1,97.1000000000002,-51.99999999999894,7.366740073404353e-156
std,1701,2000.0,train,4,0.0,8.0,2125,2100,2698,0.8639732782215561,0.6804624156402027,7,23.900000000001143,-51.99999999999894,4.92529497931453e-156,1,103.09999999999953,-51.99999999999894,-8.858965868160054e-159,2,97.900000000001,-51.99999999999894,2.326365970230668e-158
std,1701,2000.0,train,5,0.0,10.0,2125,2100,2687,0.8634248651257967,0.6801102940156194,6,23.900000000001143,-51.99999999999894,4.671019687233819e-156,0,,-51.99999999999894,1.1398087898538105e-156,1,97.59999999999992,-51.99999999999894,2.1291640116081223e-156
std,1701,2000.0,train,6,0.0,12.0,2125,2100,2687,0.8632743630855877,0.680013386238265,6,23.900000000001143,-51.99999999999894,5.839080859259273e-156,0,,-51.99999999999894,-1.055008508066038e-158,1,97.59999999999992,-51.99999999999894,2.234705054867547e-158
std,1701,2000.0,train,7,0.0,14.0,2125,2100,2687,0.8632329432545245,0.6799866430963868,6,23.900000000001143,-51.99999999999894,5.834854458437006e-156,0,,-51.99999999999894,-1.055008507519723e-158,1,97.59999999999992,-51.99999999999894,2.234705054867547e-158
std,1701,2000.0,train,8,0.0,16.0,2125,2100,2687,0.8632215128363585,0.6799792434613988,6,23.900000000001143,-51.99999999999894,5.834574168699419e-156,0,,-51.99999999999894,-1.055008507519723e-158,1,97.59999999999992,-51.99999999999894,2.234705054867547e-158
std,1701,2000.0,train,9,0.0,18.0,2125,2100,2687,0.8632183501218736,0.6799771908415527,6,23.900000000001143,-51.99999999999894,5.834497288004286e-156,0,,-51.99999999999894,-1.055008507519723e-158,1,97.59999999999992,-51.99999999999894,2.234705054867547e-158
std,1701,2000.0,train,10,0.0,20.0,2125,2100,2687,0.8632174728015019,0.6799766200680906,6,23.900000000001143,-51.99999999999894,5.834476137068697e-156,0,,-51.99999999999894,-1.055008507519723e-158,1,97.59999999999992,-51.99999999999894,2.234705054867547e-158
std,1701,2000.0,train,11,0.0,22.0,2125,2100,2687,0.8632172288444013,0.679976460981579,6,23.900000000001143,-51.99999999999894,5.834470300545888e-156,0,,-51.99999999999894,-1.055008507519723e-158,1,97.59999999999992,-51.99999999999894,2.234705054867547e-158
std,1701,2000.0,recovery,-1,2000.0,24.3,2125,2100,2706,0.8822699193041961,0.6920745383371923,6,23.19999999999922,-51.99999999999894,5.1089587835554316e-182,1,100.30000000000072,-51.99999999999894,-9.238193350831444e-185,1,95.70000000000078,-51.99999999999894,1.9568218864396973e-184
std,1701,2000.0,recovery,-1,10000.0,32.3,2125,2100,2831,0.9978436983556342,0.7654615840297155,8,19.800000000003596,-51.99999999999894,1.23516e-319,0,,-51.99999999999894,-1.23516e-319,2,92.2000000000054,-51.99999999999894,1.23516e-319
std,1702,500.0,train,0,0.0,0.0,2080,2054,2758,1.0,0.7710682253694336,9,19.1,-52.0,0.0,2,60.900000000000006,-52.0,0.0,3,39.6,-52.0,0.0
std,1702,500.0,train,1,0.0,0.5,2080,2054,2536,0.7928539641368881,0.6389445047610139,6,24.700000000000056,-51.99999903939133,6.938659799511961e-26,0,,-52.0,0.0,0,,-51.99999806502766,4.46257714424051e-26
std,1702,500.0,train,2,0.0,1.0,2080,2054,2435,0.6733034779202611,0.5624494605416672,3,57.10000000000015,-51.99999970851654,2.83635682995851e-26,0,,-51.99999838500278,2.17844179383396e-26,0,,-51.99999774771079,3.0743008725232395e-26
std,1702,500.0,train,3,0.0,1.5,2080,2054,2376,0.604087899616281,0.5180233977269394,1,166.00000000000014,-51.99999881403505,4.417073196062354e-26,0,,-51.99999901235691,5.2686765607009355e-27,0,,-51.99999860532049,8.350801990538953e-27
std,1702,500.0,train,4,0.0,2.0,2080,2054,2367,0.5638895356454993,0.4921432625193887,1,162.80000000000027,-51.9999983487843,2.6907700204617404e-26,0,,-51.99999958653175,1.1049369869537489e-29,0,,-51.99999940288538,4.157182314882637e-28
std,1702,500.0,train,5,0.0,2.5,2080,2054,2338,0.5404722209258775,0.4770219328870819,1,187.5,-51.99999819215134,3.128053191021635e-26,0,,-51.99999966252336,-9.820410489505838e-28,0,,-51.9999994911724,2.192050740003353e-28
std,1702,500.0,train,6,0.0,3.0,2080,2054,2338,0.5267898760641103,0.4681610401676596,0,,-51.99999966748423,2.1024261997523495e-26,0,,-51.99999873407556,2.2395713513741382e-26,0,,-51.999998250459136,3.063834789784617e-26
std,1702,500.0,train,7,0.0,3.5,2080,2054,2325,0.5187722087743747,0.4629539204151877,0,,-51.99999811711015,1.9470040140228607e-26,0,,-52.00000002209504,-1.6521368532351754e-28,0,,-51.99999999999894,1.1397698195971696e-69
std,1702,500.0,train,8,0.0,4.0,2080,2054,2324,0.5140606119821439,0.4598854754018771,0,,-51.99999793366903,3.358919500659405e-26,0,,-52.00000002650258,-4.617431736538792e-28,0,,-51.99999999999894,4.2400303240759527e-113
std,1702,500.0,train,9,0.0,4.5,2080,2054,2327,0.5112841681189148,0.4580724335551057,0,,-51.99999794108396,3.61987935492809e-26,0,,-52.00000002701323,-4.905497661213425e-28,0,,-51.99999999999894,1.5773234946190763e-156
std,1702,500.0,train,10,0.0,5.0,2080,2054,2323,0.5096436600154909,0.4569983594879551,0,,-51.99999792405919,3.4901232569953124e-26,0,,-52.00000002921204,-7.024045191882501e-28,0,,-51.99999999999894,5.867763238744181e-200
std,1702,500.0,train,11,0.0,5.5,2080,2054,2324,0.5086717976097912,0.4563604394714267,0,,-51.99999785125794,3.6493675847097256e-26,0,,-52.00000002957332,-7.311899747391189e-28,0,,-51.99999999999894,2.1828525057424962e-243
std,1702,500.0,recovery,-1,2000.0,7.8,2080,2054,2554,0.80000618227406,0.6429631663068793,6,24.200000000000443,-51.99999999999894,1.619816214744166e-182,0,,-52.00000000000032,-3.1052896806222836e-184,0,,-51.99999999999894,1.23516e-319
std,1702,500.0,recovery,-1,10000.0,15.8,2080,2054,2753,0.9963369854545524,0.768721899367824,9,19.199999999999665,-51.99999999999894,1.23516e-319,3,61.70000000000009,-52.00000000000032,-1.23516e-319,3,39.60000000000008,-51.99999999999894,1.23516e-319
std,1702,2000.0,train,0,0.0,0.0,2080,2054,2758,1.0,0.7710682253694336,9,19.1,-52.0,0.0,2,60.900000000000006,-52.0,0.0,3,39.6,-52.0,0.0
std,1702,2000.0,train,1,0.0,2.0,2080,2054,2650,0.9021511411253752,0.7086573989303174,8,22.10000000000001,-51.99999999999894,3.57216099230615e-156,1,92.00000000000009,-52.0,0.0,3,48.00000000000004,-51.99999999999894,2.297424064649239e-156
std,1702,2000.0,train,2,0.0,4.0,2080,2054,2637,0.8754758219900366,0.6915890474630934,7,22.700000000000387,-51.99999999999894,2.138500260608924e-156,1,92.29999999999984,-51.99999999999894,5.203822339316283e-157,1,76.20000000000005,-51.99999999999894,7.376612429672855e-157
std,1702,2000.0,train,3,0.0,6.0,2080,2054,2617,0.8681805537091961,0.6869065748920844,7,22.800000000000157,-51.99999999999894,5.6228428893644065e-157,0,,-51.99999999999894,3.10644676899572e-157,1,78.40000000000025,-51.99999999999894,4.3114819108217353e-157
std,1702,2000.0,train,4,0.0,8.0,2080,2054,2623,0.8661791950139065,0.6856180788311366,7,22.89999999999992,-51.99999999999894,5.892132705579361e-156,0,,-51.99999999999894,4.238361523928004e-157,1,78.50000000000001,-51.99999999999894,6.063225055468814e-157
std,1702,2000.0,train,5,0.0,10.0,2080,2054,2615,0.8656284725577001,0.6852624592438391,7,22.89999999999992,-51.99999999999894,3.021148745046477e-156,0,,-51.99999999999894,3.4643888230387446e-157,1,78.80000000000109,-51.99999999999894,4.9616292946657036e-157
std,1702,2000.0,train,6,0.0,12.0,2080,2054,2621,0.8654764754359958,0.6851640236172932,7,22.89999999999992,-51.99999999999894,2.764106942062241e-156,0,,-51.99999999999894,4.0862409548427616e-157,1,78.80000000000109,-51.99999999999894,5.832290052963464e-157
std,1702,2000.0,train,7,0.0,14.0,2080,2054,2625,0.8654344025793743,0.6851366991605855,7,22.89999999999992,-51.99999999999894,8.374187855922823e-157,0,,-51.99999999999894,4.051587665586764e-157,1,78.80000000000109,-51.99999999999894,5.832290052963464e-157
std,1702,2000.0,train,8,0.0,16.0,2080,2054,2625,0.8654227236985703,0.6851290932458297,7,22.89999999999992,-51.99999999999894,9.708480678214206e-156,0,,-51.99999999999894,2.964324683806688e-157,1,78.80000000000109,-51.99999999999894,4.3186129344436366e-157
std,1702,2000.0,train,9,0.0,18.0,2080,2054,2625,0.8654194728170324,0.6851269703920796,7,22.89999999999992,-51.99999999999894,9.832980594533157e-156,0,,-51.99999999999894,2.964324683806688e-157,1,78.80000000000109,-51.99999999999894,4.3186129344436366e-157
std,1702,2000.0,train,10,0.0,20.0,2080,2054,2625,0.8654185654776412,0.6851263763385007,7,22.89999999999992,-51.99999999999894,9.832970641020719e-156,0,,-51.99999999999894,2.964324683806688e-157,1,78.80000000000109,-51.99999999999894,4.3186129344436366e-157
std,1702,2000.0,train,11,0.0,22.0,2080,2054,2625,0.8654183115702713,0.6851262096764376,7,22.89999999999992,-51.99999999999894,9.832967941255556e-156,0,,-51.99999999999894,2.964324683806688e-157,1,78.80000000000109,-51.99999999999894,4.3186129344436366e-157
std,1702,2000.0,recovery,-1,2000.0,24.3,2080,2054,2623,0.8841644059762338,0.6970972066084516,7,22.500000000000853,-51.99999999999894,8.610248317386286e-182,1,92.70000000000068,-51.99999999999894,2.595714099787633e-183,1,74.99999999999929,-51.99999999999894,3.78159806403705e-183
std,1702,2000.0,recovery,-1,10000.0,32.3,2080,2054,2757,0.9978783970893986,0.7697133989015749,9,19.10000000000167,-51.99999999999894,1.23516e-319,2,61.20000000000658,-51.99999999999894,1.23516e-319,3,39.60000000000719,-51.99999999999894,1.23516e-319
std,1703,500.0,train,0,0.0,0.0,2145,2109,2870,1.0,0.7646529629463895,8,19.1,-52.0,0.0,2,60.400000000000006,-52.0,0.0,2,44.1,-52.0,0.0
std,1703,500.0,train,1,0.0,0.5,2145,2109,2627,0.7870491946499978,0.6298949282808635,4,22.00000000000002,-51.99999665998216,2.176145948538933e-25,0,,-51.9999987994066,1.4117628962580167e-26,1,167.00000000000003,-51.99999826743559,2.834134422350002e-26
std,1703,500.0,train,2,0.0,1.0,2145,2109,2520,0.6651150825036428,0.552529167333455,2,27.50000000000008,-51.999996133792656,2.188817463127821e-25,0,,-51.99999937452691,-1.3792388161807672e-27,0,,-52.0,0.0
std,1703,500.0,train,3,0.0,1.5,2145,2109,2462,0.5951116471236024,0.507994590880803,2,75.8000000000001,-51.99999775849948,1.8516470511854675e-26,0,,-51.99999973285569,-2.3094711281328281e-29,0,,-51.99999960903745,7.594487154163422e-29
std,1703,500.0,train,4,0.0,2.0,2145,2109,2446,0.5548150959528597,0.4822902657901637,1,170.10000000000014,-51.9999982487413,-8.316311142558841e-27,0,,-51.999999683347816,-3.540674579539271e-29,0,,-51.99999953988097,1.3838058431167003e-28
std,1703,500.0,train,5,0.0,2.5,2145,2109,2429,0.5315568608054888,0.467414436949527,1,169.90000000000015,-51.99999805147717,6.293733541115309e-26,0,,-51.99999950362991,-2.506780646675303e-27,0,,-51.99999926702693,9.43888177053364e-28
std,1703,500.0,train,6,0.0,3.0,2145,2109,2410,0.5180966542461823,0.4587821131049142,1,172.00000000000014,-51.999998554903975,-2.7540192644770853e-26,0,,-51.999999483541146,6.1600222907954445e-28,0,,-51.99999927432013,9.0687779225361e-28
std,1703,500.0,train,7,0.0,3.5,2145,2109,2409,0.5102858046269726,0.4537592528955895,0,,-51.99999856461602,1.866432448417838e-26,0,,-51.99999942624845,9.377173577657712e-28,0,,-51.99999919397972,1.3802331354542984e-27
std,1703,500.0,train,8,0.0,4.0,2145,2109,2410,0.5057409327640117,0.4508286552594575,0,,-51.99999767873483,4.4308960262571005e-26,0,,-52.000000013467165,-2.6748997347157904e-29,0,,-51.99999999999894,5.134572128510136e-71
std,1703,500.0,train,9,0.0,4.5,2145,2109,2397,0.5030892183656317,0.4491141154007185,0,,-51.99999802846987,-9.532320167891508e-27,0,,-52.00000001907633,-1.445943637247972e-28,0,,-51.99999999999894,1.910099842241185e-114
std,1703,500.0,train,10,0.0,5.0,2145,2109,2395,0.5015378385467306,0.4481082743330432,0,,-51.99999784974863,2.7899107852161947e-26,0,,-52.00000003691847,-1.9401571576198394e-27,0,,-51.99999999999894,7.105716534920804e-158
std,1703,500.0,train,11,0.0,5.5,2145,2109,2389,0.5006277159121006,0.4475165695531632,0,,-51.999998092719,-5.4730893601623005e-27,0,,-52.00000003819616,-2.3215742993917898e-27,0,,-51.99999999999894,2.6433805373966268e-201
std,1703,500.0,recovery,-1,2000.0,7.8,2145,2109,2630,0.7967527043507363,0.6355730175309054,5,21.900000000000475,-51.99999999999894,2.2003874267681622e-182,0,,-52.00000000000032,-6.661054648670065e-185,1,166.50000000000097,-51.99999999999894,1.23516e-319
std,1703,500.0,recovery,-1,10000.0,15.8,2145,2109,2853,0.9962773959277762,0.7622887812783821,8,19.199999999999665,-51.99999999999894,1.23516e-319,2,61.09999999999971,-52.00000000000032,-1.23516e-319,2,44.20000000000002,-51.99999999999894,1.23516e-319
std,1703,2000.0,train,0,0.0,0.0,2145,2109,2870,1.0,0.7646529629463895,8,19.1,-52.0,0.0,2,60.400000000000006,-52.0,0.0,2,44.1,-52.0,0.0
std,1703,2000.0,train,1,0.0,2.0,2145,2109,2717,0.8994091621733967,0.7009977746572807,6,20.300000000000207,-51.99999999999894,1.1203235056260656e-155,0,,-51.99999999999894,7.268038056503018e-157,0,,-51.99999999999894,1.459069146347673e-156
std,1703,2000.0,train,2,0.0,4.0,2145,2109,2703,0.8722019842026238,0.6837351400270805,6,20.59999999999995,-51.99999999999894,4.845070694402625e-156,0,,-51.99999999999894,3.374228930854399e-157,1,164.69999999999985,-51.99999999999894,5.379036907021568e-157
std,1703,2000.0,train,3,0.0,6.0,2145,2109,2708,0.864823676396901,0.6790412302027797,6,20.700000000000607,-51.99999999999894,2.590739275285559e-156,0,,-51.99999999999894,2.940750407648742e-156,1,167.3,-51.99999999999894,4.202709430779729e-156
std,1703,2000.0,train,4,0.0,8.0,2145,2109,2714,0.862817429248774,0.6777614872121426,6,20.800000000001265,-52.00000000000032,-5.944433460248096e-156,0,,-51.99999999999894,1.1530112243577948e-155,1,165.80000000000084,-51.99999999999894,1.6050330156561229e-155
std,1703,2000.0,train,5,0.0,10.0,2145,2109,2681,0.8622704479855189,0.6774116412500709,5,20.800000000001265,-52.00000000000032,-4.572373219191771e-156,0,,-51.99999999999894,9.040283403575793e-156,0,,-51.99999999999894,1.2625636880467748e-155
std,1703,2000.0,train,6,0.0,12.0,2145,2109,2681,0.8621209185974475,0.6773157447943641,5,20.800000000001265,-51.99999999999894,2.484501226122737e-156,0,,-51.99999999999894,-3.5955587952440847e-157,0,,-51.99999999999894,5.698772766527657e-159
std,1703,2000.0,train,7,0.0,14.0,2145,2109,2681,0.8620799310203576,0.6772893872429991,5,20.800000000001265,-51.99999999999894,2.426474038085717e-156,0,,-51.99999999999894,-3.8868469265636516e-157,0,,-51.99999999999894,5.811981536838732e-159
std,1703,2000.0,train,8,0.0,16.0,2145,2109,2681,0.8620686654093346,0.6772821230177296,5,20.800000000001265,-51.99999999999894,4.765986041479861e-156,0,,-51.99999999999894,-8.732435888695883e-159,0,,-51.99999999999894,5.81198153951583e-159
std,1703,2000.0,train,9,0.0,18.0,2145,2109,2694,0.8620655605709854,0.6772801154979499,6,20.800000000001265,-51.99999999999894,4.765899272443568e-156,0,,-51.99999999999894,-8.732435888695883e-159,1,165.6000000000013,-51.99999999999894,5.81198153951583e-159
std,1703,2000.0,train,10,0.0,20.0,2145,2109,2694,0.8620647025270551,0.6772795591829764,6,20.800000000001265,-52.00000000000032,-2.0041352398364388e-156,0,,-51.99999999999894,6.674700795812669e-156,1,165.6000000000013,-51.99999999999894,9.353301848761585e-156
std,1703,2000.0,train,11,0.0,22.0,2145,2109,2694,0.8620644647497286,0.6772794045950394,6,20.800000000001265,-52.00000000000032,-2.0041378900250158e-156,0,,-51.99999999999894,6.674700795812669e-156,1,165.6000000000013,-51.99999999999894,9.353301848761585e-156
std,1703,2000.0,recovery,-1,2000.0,24.3,2145,2109,2706,0.881277727707908,0.6894498072695765,6,20.50000000000196,-52.00000000000032,-1.7549261539488782e-182,0,,-51.99999999999894,5.8447089356303636e-182,1,161.3000000000007,-51.99999999999894,8.190228830541788e-182
std,1703,2000.0,recovery,-1,10000.0,32.3,2145,2109,2849,0.997825525732648,0.763275569103719,9,19.20000000000499,-52.00000000000032,-1.23516e-319,2,61.10000000000326,-51.99999999999894,1.23516e-319,2,44.20000000000357,-51.99999999999894,1.23516e-319
std,1704,500.0,train,0,0.0,0.0,2171,2134,2854,1.0,0.763799782887269,8,16.0,-52.0,0.0,1,54.900000000000006,-52.0,0.0,2,41.7,-52.0,0.0
std,1704,500.0,train,1,0.0,0.5,2171,2134,2624,0.7862772054081835,0.628814556123535,5,24.399999999999977,-51.99999716203253,1.080676589546925e-25,0,,-51.99999902710271,2.9139772210075668e-27,0,,-51.99999861178832,7.11643253506343e-27
std,1704,500.0,train,2,0.0,1.0,2171,2134,2535,0.6641375213502878,0.5514504035895098,4,29.90000000000004,-51.9999996063985,2.158071795128448e-26,0,,-51.99999812370499,9.619390605773756e-26,0,,-51.999997398883714,1.3192756898378556e-25
std,1704,500.0,train,3,0.0,1.5,2171,2134,2469,0.5941355413228604,0.5069862106627613,2,44.49999999999999,-51.99999775431056,6.441853856547591e-26,0,,-51.99999983487145,-2.8615638793086123e-27,0,,-51.99999971332871,1.8727792408597757e-29
std,1704,500.0,train,4,0.0,2.0,2171,2134,2461,0.5539026757999684,0.4813608376579523,1,51.2999999999999,-51.99999809506144,1.0922207342808512e-26,0,,-52.00000004331231,-5.8693639142636e-27,0,,-51.99999998926026,2.5178239984220946e-35
std,1704,500.0,train,5,0.0,2.5,2171,2134,2438,0.5307158794540887,0.4665529348160151,1,55.600000000000094,-51.99999827914581,-2.4424299028854298e-26,0,,-52.00000003903571,-2.0766672629235988e-27,0,,-51.99999999807045,4.529848279590856e-38
std,1704,500.0,train,6,0.0,3.0,2171,2134,2425,0.5173171348800628,0.4579735286410067,1,57.50000000000011,-51.99999810883072,3.155937945627856e-26,0,,-52.00000001622567,-1.092911072288109e-28,0,,-51.99999999760772,1.0704759402779955e-37
std,1704,500.0,train,7,0.0,3.5,2171,2134,2417,0.5095541671483865,0.4529899636418091,1,59.600000000000094,-51.999998469739765,-2.696609863798935e-26,0,,-52.00000003959059,-3.0198110369508628e-27,0,,-51.999999997369336,1.5653404708286257e-37
std,1704,500.0,train,8,0.0,4.0,2171,2134,2416,0.5050448510618983,0.4500877911500263,1,59.89999999999984,-51.99999862160769,-3.4521548060820886e-26,0,,-52.00000003997031,-3.1438866772476533e-27,0,,-51.99999999707813,2.382388018055143e-37
std,1704,500.0,train,9,0.0,4.5,2171,2134,2418,0.5024188567977386,0.448393494621393,1,60.20000000000003,-51.99999881458696,-9.018886837542622e-26,0,,-52.000000025368365,-6.866791806196882e-28,0,,-51.99999999703397,2.529706665622717e-37
std,1704,500.0,train,10,0.0,5.0,2171,2134,2412,0.5008857939013827,0.4474019244561286,1,60.0000000000005,-51.99999829737312,2.4283553702859623e-26,0,,-52.00000002836386,-1.0657778186721707e-27,0,,-51.99999999698915,2.686134989597604e-37
std,1704,500.0,train,11,0.0,5.5,2171,2134,2410,0.4999885841132434,0.4468202074892747,1,60.0000000000005,-51.999998221483935,4.478785331154598e-26,0,,-52.00000002843993,-1.0657792762137477e-27,0,,-51.99999999701911,2.580810130142913e-37
std,1704,500.0,recovery,-1,2000.0,7.8,2171,2134,2640,0.79649652706382,0.6347864207579208,5,24.00000000000091,-51.99999999999894,-1.3985542623092876e-182,0,,-52.00000000000032,-3.5611321792491925e-184,0,,-51.99999999999894,1.1634361917865663e-193
std,1704,500.0,recovery,-1,10000.0,15.8,2171,2134,2858,0.9962727038770977,0.7614368207346865,8,16.09999999999978,-51.99999999999894,-1.23516e-319,1,54.80000000000018,-52.00000000000032,-1.23516e-319,2,41.80000000000028,-51.99999999999894,1.23516e-319
std,1704,2000.0,train,0,0.0,0.0,2171,2134,2854,1.0,0.763799782887269,8,16.0,-52.0,0.0,1,54.900000000000006,-52.0,0.0,2,41.7,-52.0,0.0
std,1704,2000.0,train,1,0.0,2.0,2171,2134,2765,0.8990445002764875,0.7000372766499198,8,18.100000000000005,-51.99999999999894,5.563539458656626e-156,1,57.50000000000011,-51.99999999999894,1.5001738177283395e-157,2,44.59999999999997,-51.99999999999894,3.6636819559766106e-157
std,1704,2000.0,train,2,0.0,4.0,2171,2134,2733,0.8717914530121708,0.6827750009052551,7,18.800000000000598,-51.99999999999894,1.1008524292714507e-156,1,57.70000000000053,-51.99999999999894,5.837087365540528e-156,1,44.90000000000016,-51.99999999999894,7.971800943624719e-156
std,1704,2000.0,train,3,0.0,6.0,2171,2134,2714,0.8644132985994847,0.6780885094500068,7,19.000000000000128,-51.99999999999894,2.0792201902403586e-156,1,57.800000000000296,-51.99999999999894,3.768961440035729e-156,2,45.50000000000054,-51.99999999999894,5.236948542643329e-156
std,1704,2000.0,train,4,0.0,8.0,2171,2134,2732,0.8624102221730614,0.6768126972522646,7,19.000000000000128,-51.99999999999894,2.521734718013086e-156,1,57.99999999999983,-51.99999999999894,2.2225158581146e-156,2,46.200000000000685,-51.99999999999894,3.051802003884213e-156
std,1704,2000.0,train,5,0.0,10.0,2171,2134,2721,0.8618649209893842,0.6764644487565672,7,19.000000000000128,-51.99999999999894,4.061807921703991e-157,1,57.99999999999983,-51.99999999999894,4.2339593982737346e-156,2,46.200000000000685,-51.99999999999894,6.023882712101932e-156
std,1704,2000.0,train,6,0.0,12.0,2171,2134,2724,0.8617160743822944,0.6763691401630689,7,19.000000000000128,-51.99999999999894,-2.307830344720936e-156,1,57.99999999999983,-51.99999999999894,4.6288393326440044e-156,2,46.200000000000685,-51.99999999999894,6.65742699947873e-156
std,1704,2000.0,train,7,0.0,14.0,2171,2134,2726,0.8616753380662902,0.6763429888140421,7,19.000000000000128,-51.99999999999894,-1.0160683369278935e-156,1,57.99999999999983,-51.99999999999894,4.276426249274612e-156,2,46.200000000000685,-51.99999999999894,6.145580604644121e-156
std,1704,2000.0,train,8,0.0,16.0,2171,2134,2726,0.8616641605892253,0.676335795047661,7,19.000000000001904,-51.99999999999894,-7.510034466401349e-157,1,57.99999999999983,-51.99999999999894,3.8764827892800383e-156,2,46.20000000000246,-51.99999999999894,5.560753510601423e-156
std,1704,2000.0,train,9,0.0,18.0,2171,2134,2726,0.8616610858660573,0.676333811230384,7,19.000000000001904,-51.99999999999894,-7.510488168540816e-157,1,57.99999999999983,-51.99999999999894,3.8764827892800383e-156,2,46.20000000000246,-51.99999999999894,5.560753510601423e-156
std,1704,2000.0,train,10,0.0,20.0,2171,2134,2726,0.8616602379529309,0.6763332628084237,7,19.000000000001904,-51.99999999999894,-7.175903344316806e-157,1,57.99999999999983,-51.99999999999894,3.8764827892800383e-156,2,46.20000000000246,-51.99999999999894,5.560753510601423e-156
std,1704,2000.0,train,11,0.0,22.0,2171,2134,2726,0.8616600035491961,0.6763331108298881,7,19.000000000001904,-51.99999999999894,-7.175936995923507e-157,1,57.99999999999983,-51.99999999999894,3.8764827892800383e-156,2,46.20000000000246,-51.99999999999894,5.560753510601423e-156
std,1704,2000.0,recovery,-1,2000.0,24.3,2171,2134,2756,0.8809296056864002,0.6885164842392375,7,18.49999999999952,-51.99999999999894,-6.283624992784719e-183,1,57.500000000001,-51.99999999999894,3.394446326573313e-182,1,44.80000000000217,-51.99999999999894,4.869279796427656e-182
std,1704,2000.0,recovery,-1,10000.0,32.3,2171,2134,2849,0.997819149655413,0.7624209211748779,8,16.100000000001558,-51.99999999999894,-1.23516e-319,1,54.500000000004434,-51.99999999999894,1.23516e-319,2,41.80000000000206,-51.99999999999894,1.23516e-319
std,1705,500.0,train,0,0.0,0.0,2094,2065,2797,1.0,0.770189427282069,8,31.200000000000003,-52.0,0.0,1,175.2,-52.0,0.0,2,88.00000000000001,-52.0,0.0
std,1705,500.0,train,1,0.0,0.5,2094,2065,2595,0.7920587947445421,0.6373565101719413,5,61.30000000000002,-52.00000013267044,-4.662264033273001e-26,0,,-51.99999734107773,4.374484131618545e-25,1,185.70000000000007,-51.999995508121685,6.04549332144932e-25
std,1705,500.0,train,2,0.0,1.0,2094,2065,2470,0.6718666009964297,0.5604023925769953,3,77.50000000000013,-51.999997716770096,2.7286422259623605e-26,0,,-51.99999830045784,1.0440400909342092e-26,0,,-52.0,0.0
std,1705,500.0,train,3,0.0,1.5,2094,2065,2423,0.6022356359245831,0.5157193828971142,1,162.50000000000009,-51.99999834967924,3.111177941532995e-26,0,,-51.99999902660402,3.320793464185911e-27,0,,-51.99999864122577,4.78288209021167e-27
std,1705,500.0,train,4,0.0,2.0,2094,2065,2403,0.5618047768157636,0.4897158963266444,1,155.10000000000002,-51.9999976134658,1.0396706724040043e-25,0,,-51.99999965814069,-2.3455381694064766e-28,0,,-51.999999498747854,2.064395642752265e-28
std,1705,500.0,train,5,0.0,2.5,2094,2065,2396,0.5382758491674071,0.4745490982444018,1,162.10000000000014,-51.99999763764871,5.625367382761643e-26,0,,-51.99999976705592,-9.796555402127575e-29,0,,-51.99999965376784,4.699342520257393e-29
std,1705,500.0,train,6,0.0,3.0,2094,2065,2362,0.5245523627507979,0.4656831670211658,1,175.5,-51.999998004792445,6.097230962027901e-26,0,,-51.99999966763093,-4.944986508231386e-28,0,,-51.99999950867331,1.9056773632339606e-28
std,1705,500.0,train,7,0.0,3.5,2094,2065,2366,0.5165301364342808,0.4604889700932715,1,178.20000000000036,-51.99999817970357,1.009314225166288e-25,0,,-51.99999932309054,1.5759272776575998e-27,0,,-51.999999039831465,2.7794482134615624e-27
std,1705,500.0,train,8,0.0,4.0,2094,2065,2365,0.5118302326972745,0.4574391649328108,1,178.30000000000013,-51.99999847845562,1.0236537203672392e-25,0,,-51.99999923566345,4.717872567695176e-28,0,,-51.99999890105184,4.7695522073874926e-27
std,1705,500.0,train,9,0.0,4.5,2094,2065,2362,0.5090706548703705,0.4556445054558708,1,179.30000000000047,-51.999998496211866,9.909079869703988e-26,0,,-51.99999923216946,3.578226436004388e-28,0,,-51.99999889554334,4.8659035533042915e-27
std,1705,500.0,train,10,0.0,5.0,2094,2065,2362,0.5074467798230022,0.4545861157549068,1,181.50000000000065,-51.99999856449377,9.97471354365952e-26,0,,-51.999999190218034,1.3338942087547636e-27,0,,-51.99999883891666,5.9432280209472366e-27
std,1705,500.0,train,11,0.0,5.5,2094,2065,2357,0.5064891092187063,0.4539605675992227,0,,-51.999998597736585,9.625209422449708e-26,0,,-51.99999909206832,3.429690663449812e-27,0,,-51.999998703908176,9.228093049383623e-27
std,1705,500.0,recovery,-1,2000.0,7.8,2094,2065,2590,0.7991233187508304,0.6414697201589439,5,61.50000000000056,-51.99999999999894,3.4516422637212724e-182,0,,-52.00000000000032,-2.010298568106236e-185,1,187.00000000000028,-51.99999999999894,1.5475699545743875e-226
std,1705,500.0,recovery,-1,10000.0,15.8,2094,2065,2785,0.9963208152450728,0.7678318436085383,7,31.39999999999965,-51.99999999999894,1.23516e-319,1,180.09999999999948,-52.00000000000032,-1.23516e-319,2,86.80000000000021,-51.99999999999894,1.23516e-319
std,1705,2000.0,train,0,0.0,0.0,2094,2065,2797,1.0,0.770189427282069,8,31.200000000000003,-52.0,0.0,1,175.2,-52.0,0.0,2,88.00000000000001,-52.0,0.0
std,1705,2000.0,train,1,0.0,2.0,2094,2065,2682,0.9017755297006677,0.7074436001362249,7,40.10000000000025,-52.00000000000032,-2.4002268733021273e-156,1,184.00000000000017,-51.99999999999894,2.2520720179319544e-155,2,94.60000000000024,-51.99999999999894,3.112341006205233e-155
std,1705,2000.0,train,2,0.0,4.0,2094,2065,2676,0.8749570262610603,0.6902728155531835,6,41.80000000000028,-51.99999999999894,1.2331919218731673e-155,0,,-52.00000000000032,-7.58700384713425e-157,1,182.5000000000001,-51.99999999999894,3.950131082901112e-157
std,1705,2000.0,train,3,0.0,6.0,2094,2065,2660,0.8676179765369934,0.6855632609818337,6,42.10000000000047,-51.99999999999894,-1.2251665319500035e-157,0,,-51.99999999999894,1.2547226002982163e-157,1,184.09999999999997,-52.0,0.0
std,1705,2000.0,train,4,0.0,8.0,2094,2065,2654,0.8656050425903707,0.6842686236181471,6,42.200000000001125,-51.99999999999894,7.919519764227787e-156,0,,-51.99999999999894,3.5676056018640006e-157,2,95.60000000000102,-52.0,0.0
std,1705,2000.0,train,5,0.0,10.0,2094,2065,2652,0.8650516952496724,0.6839119347153995,6,42.200000000001125,-51.99999999999894,8.037155183910798e-156,0,,-51.99999999999894,8.302139967535623e-158,2,97.40000000000038,-52.0,0.0
std,1705,2000.0,train,6,0.0,12.0,2094,2065,2654,0.8648992410865778,0.6838134431161323,7,42.30000000000089,-51.99999999999894,9.282492239368861e-156,0,,-51.99999999999894,1.494204267765663e-157,2,97.40000000000038,-52.0,0.0
std,1705,2000.0,train,7,0.0,14.0,2094,2065,2653,0.8648571443063794,0.6837861864721843,7,42.30000000000089,-52.00000000000032,-3.221458368153206e-156,0,,-51.99999999999894,3.6265597033852656e-155,2,97.40000000000038,-51.99999999999894,4.919192184457724e-155
std,1705,2000.0,train,8,0.0,16.0,2094,2065,2653,0.8648454944097611,0.6837786267610042,7,42.30000000000089,-52.00000000000032,-3.4206622284794503e-156,0,,-51.99999999999894,3.850394578908103e-155,2,97.40000000000038,-51.99999999999894,5.223378040937514e-155
std,1705,2000.0,train,9,0.0,18.0,2094,2065,2653,0.8648422632763217,0.6837765254307964,7,42.30000000000089,-52.00000000000032,-3.3529285781860864e-156,0,,-51.99999999999894,3.7742858470928505e-155,2,97.40000000000038,-51.99999999999894,5.1199482259065895e-155
std,1705,2000.0,train,10,0.0,20.0,2094,2065,2653,0.8648413651364139,0.6837759400519953,7,42.30000000000089,-52.00000000000032,-3.3529285781860864e-156,0,,-51.99999999999894,3.7742858470928505e-155,2,97.40000000000038,-51.99999999999894,5.1199482259065895e-155
std,1705,2000.0,train,11,0.0,22.0,2094,2065,2653,0.8648411149367736,0.6837757766221866,7,42.30000000000089,-52.00000000000032,-3.3529285781860864e-156,0,,-51.99999999999894,3.7742858470928505e-155,2,97.40000000000038,-51.99999999999894,5.1199482259065895e-155
std,1705,2000.0,recovery,-1,2000.0,24.3,2094,2065,2676,0.8836676094188968,0.6958124695292188,6,41.29999999999967,-52.00000000000032,-2.9359955181434792e-182,0,,-51.99999999999894,3.3049574641556553e-181,2,97.20000000000084,-51.99999999999894,4.4832881744593313e-181
std,1705,2000.0,recovery,-1,10000.0,32.3,2094,2065,2781,0.9978692979430532,0.7688271657822242,7,31.30000000000166,-52.00000000000032,-1.23516e-319,1,183.0000000000069,-51.99999999999894,1.23516e-319,2,119.90000000000124,-51.99999999999894,1.23516e-319
