condition,model,seed,phase,pulse,rest_ms,onset_s,input_events,sensory_spikes,total_spikes,resource_before,resource_after,aBN1,aBN1_latency_ms,aBN1_v_before_mV,aBN1_g_before_mV,aDN1,aDN1_latency_ms,aDN1_v_before_mV,aDN1_g_before_mV,aDN2,aDN2_latency_ms,aDN2_v_before_mV,aDN2_g_before_mV
new_seed_control,std,2701,train,0,0.0,0.0,2060,2024,2699,1.0,0.7712590085118863,7,25.0,-52.0,0.0,0,,-52.0,0.0,2,74.30000000000001,-52.0,0.0
new_seed_control,std,2701,train,1,0.0,0.5,2060,2024,2487,0.7930265918629098,0.6388592240686101,5,30.49999999999997,-51.99999856087861,7.837469559295941e-27,0,,-51.99999899919709,3.4972233341107644e-29,0,,-51.99999863613153,6.571198663973912e-27
new_seed_control,std,2701,train,2,0.0,1.0,2060,2024,2409,0.673226312758738,0.5620674939077218,2,45.00000000000015,-51.99999887533526,2.2900762477095072e-26,0,,-51.99999885455714,6.000163596972286e-27,0,,-51.999998402509256,8.545447109094776e-27
new_seed_control,std,2701,train,3,0.0,1.5,2060,2024,2363,0.6037422819134458,0.517436474406551,1,78.79999999999998,-51.99999768260155,1.890597743139004e-26,0,,-52.00000000835696,-1.611770271617151e-28,0,,-51.9999999816952,2.6655123238501228e-34
new_seed_control,std,2701,train,4,0.0,2.0,2060,2024,2318,0.5633584654636938,0.4914429900708574,1,96.00000000000009,-51.99999780474972,4.209871825319373e-26,0,,-52.00000001619464,-2.2460053768206633e-28,0,,-51.99999999236948,1.1084173283968572e-35
new_seed_control,std,2701,train,5,0.0,2.5,2060,2024,2313,0.5398385882116268,0.4762722596877829,1,97.90000000000008,-51.99999774150693,7.35998900485607e-26,0,,-52.00000000100142,-4.432674835791508e-29,0,,-51.99999998196835,3.456816485374241e-34
new_seed_control,std,2701,train,6,0.0,3.0,2060,2024,2297,0.5261115437020859,0.4673992593365844,1,98.70000000000002,-51.99999801658748,3.831778544304591e-26,0,,-52.00000000457276,-1.362905981413952e-28,0,,-51.99999998017139,5.0548494750649375e-34
new_seed_control,std,2701,train,7,0.0,3.5,2060,2024,2297,0.5180829209740755,0.4621985454268703,1,99.09999999999997,-51.99999805027814,2.3801203653775712e-26,0,,-52.00000000869063,-3.6960002203444653e-28,0,,-51.99999997936218,5.931920810215951e-34
new_seed_control,std,2701,train,8,0.0,4.0,2060,2024,2291,0.5133771204280659,0.459143701486333,0,,-51.99999839938743,-2.7767231523105427e-26,0,,-52.00000001766816,-1.7875471998393057e-27,0,,-51.99999997894528,6.425973100178902e-34
new_seed_control,std,2701,train,9,0.0,4.5,2060,2024,2292,0.5106129833244074,0.4573454412439518,0,,-51.99999841635955,-3.202682294771211e-27,0,,-52.00000004227931,-5.155536325203281e-27,0,,-51.99999999999894,2.3905108152525527e-77
new_seed_control,std,2701,train,10,0.0,5.0,2060,2024,2288,0.5089858501697344,0.4562845861073297,0,,-51.99999854727792,-2.88764780679923e-26,0,,-52.00000004253816,-5.156361976324754e-27,0,,-51.99999999999894,8.892881854236753e-121
new_seed_control,std,2701,train,11,0.0,5.5,2060,2024,2289,0.5080259487470031,0.455657393397224,0,,-51.999998487461305,-1.0647896959185295e-26,0,,-52.00000004362436,-5.6985043587586246e-27,0,,-51.99999999999894,3.3082196143529352e-164
new_seed_control,std,2701,recovery,-1,1000.0,6.8,2060,2024,2396,0.6698395197075239,0.5594558216548715,2,45.70000000000008,-51.99999999999894,-2.3973794963357495e-96,0,,-52.00000000000032,-5.74016398197509e-99,0,,-51.99999999999894,4.008935209010589e-277
new_seed_control,std,2701,recovery,-1,5000.0,10.8,2060,2024,2650,0.9553176378860816,0.742594564228175,7,25.900000000000038,-51.99999999999894,-1.23516e-319,0,,-52.00000000000032,-1.23516e-319,1,101.2000000000004,-51.99999999999894,1.23516e-319
new_seed_control,std,2702,train,0,0.0,0.0,2068,2041,2741,1.0,0.7700359244972754,9,23.4,-52.0,0.0,2,59.00000000000001,-52.0,0.0,3,43.9,-52.0,0.0
new_seed_control,std,2702,train,1,0.0,0.5,2068,2041,2539,0.7919198996810881,0.6373376527204206,5,29.49999999999997,-51.99999792688336,1.51226631770474e-25,1,84.50000000000001,-51.99999857193795,1.2756626267818075e-26,1,80.20000000000005,-51.99999796132064,2.9445400471115703e-26
new_seed_control,std,2702,train,2,0.0,1.0,2068,2041,2434,0.671849538068685,0.560572212330054,4,35.500000000000085,-51.99999724974381,2.212673234390729e-26,0,,-51.99999997867679,-4.676003324893138e-27,0,,-51.99999989787243,1.6726841646615575e-31
new_seed_control,std,2702,train,3,0.0,1.5,2068,2041,2395,0.6023892951914722,0.516052898601042,2,48.30000000000001,-51.99999744583439,1.1018480356949657e-25,0,,-51.99999989155287,-4.3381620753254726e-27,0,,-51.99999978720015,4.3494973976539465e-30
new_seed_control,std,2702,train,4,0.0,2.0,2068,2041,2376,0.56210655430418,0.4901705700642083,1,71.80000000000008,-51.99999838603395,-4.370486290071959e-26,0,,-52.00000001028283,-9.002491716885236e-29,0,,-51.9999999896497,1.8668746272144616e-35
new_seed_control,std,2702,train,5,0.0,2.5,2068,2041,2349,0.5386872549781532,0.4750863477354572,1,72.99999999999996,-51.99999814384119,1.7384597121356098e-26,0,,-52.000000039196,-3.914882333799512e-27,0,,-51.99999999462276,2.7333234796293056e-36
new_seed_control,std,2702,train,6,0.0,3.0,2068,2041,2340,0.5250384861931258,0.4662737892071246,1,74.50000000000001,-51.99999824282976,-1.705613117981108e-27,0,,-52.000000011334585,-6.232311625582776e-29,0,,-51.99999999429026,3.474735151032303e-36
new_seed_control,std,2702,train,7,0.0,3.5,2068,2041,2329,0.5170645534880585,0.4611127467554495,1,76.00000000000007,-51.9999984949325,-1.7793272266760432e-26,0,,-52.00000002192965,-6.207358374654809e-28,0,,-51.99999999384559,4.6904018476148905e-36
new_seed_control,std,2702,train,8,0.0,4.0,2068,2041,2337,0.5123946491617106,0.4580828507485575,1,77.20000000000039,-51.99999797919482,5.593229081807529e-26,0,,-52.00000002569664,-1.1534260714115543e-27,0,,-51.999999993366295,6.331380245073723e-36
new_seed_control,std,2702,train,9,0.0,4.5,2068,2041,2331,0.5096530858819173,0.4562997622077129,1,77.60000000000034,-51.99999833955344,-1.6207943646254302e-26,0,,-51.99999996520861,-2.330865541177009e-28,0,,-51.99999999295612,8.048761756911704e-36
new_seed_control,std,2702,train,10,0.0,5.0,2068,2041,2343,0.5080396806504898,0.4552478627199627,1,78.89999999999998,-51.99999799944175,6.531631949727529e-26,0,,-52.000000027864914,-1.5889307292692946e-27,0,,-51.99999999281383,8.71911952205923e-36
new_seed_control,std,2702,train,11,0.0,5.5,2068,2041,2338,0.5070878826339604,0.4546258002675266,1,79.20000000000016,-51.99999869845738,-8.259850571560558e-26,0,,-52.0000000328448,-3.071267427340198e-27,0,,-51.99999999233123,1.1308088437393506e-35
new_seed_control,std,2702,recovery,-1,1000.0,6.8,2068,2041,2433,0.6692138268460135,0.5583630017979808,4,34.80000000000061,-51.99999999999894,-2.7194357972887935e-95,0,,-52.00000000000032,-1.105403499460176e-96,0,,-51.99999999999894,3.911377748086269e-105
new_seed_control,std,2702,recovery,-1,5000.0,10.8,2068,2041,2709,0.95523295956545,0.7413891095502448,9,24.200000000000443,-51.99999999999894,-1.23516e-319,1,64.39999999999912,-52.00000000000032,-1.23516e-319,2,44.99999999999993,-51.99999999999894,1.23516e-319
new_seed_control,std,2703,train,0,0.0,0.0,2060,2037,2760,1.0,0.7632366729030894,9,18.500000000000004,-52.0,0.0,2,55.2,-52.0,0.0,3,40.1,-52.0,0.0
new_seed_control,std,2703,train,1,0.0,0.5,2060,2037,2539,0.785767682424028,0.6280980576623443,6,28.60000000000007,-51.99999898401596,5.295479554226784e-26,0,,-51.99999819313453,4.293398841777359e-26,0,,-51.999997459010935,6.307222526255635e-26
new_seed_control,std,2703,train,2,0.0,1.0,2060,2037,2442,0.6634892067326372,0.5507217975439451,2,33.20000000000012,-51.99999898290333,5.436902776689064e-26,0,,-51.99999836931719,4.701435557039218e-26,0,,-51.999997726129806,6.551383200289161e-26
new_seed_control,std,2703,train,3,0.0,1.5,2060,2037,2385,0.5934762713098263,0.5062823898345217,2,35.70000000000007,-51.99999777205032,-3.5972907096337333e-26,0,,-52.00000004991541,-6.4083586836425935e-27,0,,-51.99999999234957,7.284034021120805e-36
new_seed_control,std,2703,train,4,0.0,2.0,2060,2037,2353,0.5532658323789842,0.4806829195814138,2,38.000000000000256,-51.99999799739574,4.304578936517744e-26,0,,-52.000000014832885,-3.855537566992853e-27,0,,-51.999999957970005,9.372343718545767e-33
new_seed_control,std,2703,train,5,0.0,2.5,2060,2037,2350,0.5301024738120738,0.4658929731958639,1,40.5000000000002,-51.99999848388165,-2.6209649228508296e-26,0,,-51.99999995820072,-2.376372931882773e-28,0,,-51.9999999140536,1.70334304008903e-31
new_seed_control,std,2703,train,6,0.0,3.0,2060,2037,2334,0.5167199769116825,0.4573236507387849,1,41.90000000000005,-51.999998037479976,4.823693167290577e-26,0,,-52.00000003773879,-2.468090900212369e-27,0,,-51.99999999887541,5.2240530112787184e-39
new_seed_control,std,2703,train,7,0.0,3.5,2060,2037,2340,0.5089661333053015,0.4523446465012166,1,43.80000000000006,-51.999998268033416,2.279450675444214e-26,0,,-52.000000015850375,-1.0049640040042779e-28,0,,-51.999999998793896,6.91210028045404e-39
new_seed_control,std,2703,train,8,0.0,4.0,2060,2037,2336,0.5044609439665901,0.4494437859099487,1,44.500000000000206,-51.99999801655952,5.275966414325894e-26,0,,-52.00000001743452,-1.499227496100611e-28,0,,-51.99999999867373,1.0107457720731933e-38
new_seed_control,std,2703,train,9,0.0,4.5,2060,2037,2330,0.501836136759105,0.4477491670317067,1,45.30000000000012,-51.99999810969223,3.228371876792122e-26,0,,-52.00000001767231,-1.560992979317187e-28,0,,-51.99999999862651,1.1626343789215138e-38
new_seed_control,std,2703,train,10,0.0,5.0,2060,2037,2326,0.5003027821887617,0.4467566210335943,1,45.70000000000008,-51.999998107308656,3.79455628321776e-26,0,,-52.0000000176988,-1.500806976291881e-28,0,,-51.99999999857047,1.3643640826532083e-38
new_seed_control,std,2703,train,11,0.0,5.5,2060,2037,2327,0.4994046894305476,0.4461737998792945,1,45.79999999999984,-51.99999814272012,2.8182770864976105e-26,0,,-52.00000001762548,-1.4713645891718968e-28,0,,-51.9999999985416,1.4779979663384292e-38
new_seed_control,std,2703,recovery,-1,1000.0,6.8,2060,2037,2457,0.6640874294746476,0.5504730981441549,3,33.00000000000036,-51.99999999999894,1.3004394824136122e-95,0,,-52.00000000000032,-4.9876223583441936e-98,0,,-51.99999999999894,4.911822018417261e-108
new_seed_control,std,2703,recovery,-1,5000.0,10.8,2060,2037,2721,0.9545391771252127,0.7344422542506549,8,19.999999999999574,-51.99999999999894,1.23516e-319,2,55.69999999999986,-52.00000000000032,-1.23516e-319,2,40.9000000000006,-51.99999999999894,1.23516e-319
new_seed_control,static,2701,naive,0,0.0,0.0,2060,2024,2864,1.0,1.0,9,24.7,-52.0,0.0,2,87.6,-52.0,0.0,4,71.4,-52.0,0.0
new_seed_control,static,2702,naive,0,0.0,0.0,2068,2041,2893,1.0,1.0,11,23.200000000000003,-52.0,0.0,3,59.50000000000001,-52.0,0.0,5,43.1,-52.0,0.0
new_seed_control,static,2703,naive,0,0.0,0.0,2060,2037,2956,1.0,1.0,11,18.000000000000004,-52.0,0.0,3,51.8,-52.0,0.0,5,39.7,-52.0,0.0
f200_p400_gap800,std,2701,train,0,0.0,0.0,5581,5464,7135,1.0,0.5246848509701004,18,18.1,-52.0,0.0,4,44.1,-52.0,0.0,8,37.2,-52.0,0.0
f200_p400_gap800,std,2701,train,1,0.0,1.2000000000000002,5581,5464,6404,0.6650510756157546,0.4062624515443817,9,30.099999999999795,-51.99999999999894,1.457095100613623e-69,1,157.49999999999997,-51.99999999999894,-9.264984427541297e-71,2,51.99999999999982,-51.99999999999894,4.0494521824113394e-72
f200_p400_gap800,std,2701,train,2,0.0,2.4000000000000004,5581,5464,6287,0.5816002211845384,0.376623989300609,5,36.39999999999954,-51.99999999999894,1.4988909269593942e-69,0,,-52.00000000000032,-1.978261472183912e-70,0,,-51.99999999999894,3.7407601074500606e-80
f200_p400_gap800,std,2701,train,3,0.0,3.6000000000000005,5581,5464,6239,0.560714349843774,0.3691730233253604,4,37.499999999999645,-51.99999999999894,1.4705519357945e-69,0,,-52.00000000000032,-3.236206511414363e-71,0,,-51.99999999999894,8.732420100835583e-83
f200_p400_gap800,std,2701,train,4,0.0,4.800000000000001,5581,5464,6220,0.5554637428641169,0.3672916727145761,4,37.59999999999941,-51.99999999999894,2.2123336586741e-69,0,,-52.00000000000032,-6.403915269615598e-72,0,,-51.99999999999894,7.68493833067972e-80
f200_p400_gap800,std,2701,train,5,0.0,6.000000000000001,5581,5464,6216,0.554137977496112,0.3668145923804864,6,37.69999999999918,-51.99999999999894,1.0709167059998214e-69,0,,-52.00000000000032,-3.0468086942524296e-71,0,,-51.99999999999894,3.65020042240674e-86
f200_p400_gap800,std,2701,train,6,0.0,7.200000000000001,5581,5464,6213,0.55380178466684,0.366693102220288,6,37.69999999999918,-51.99999999999894,1.8303000797721332e-69,0,,-52.00000000000032,-1.4531973143033173e-71,0,,-51.99999999999894,1.1696186836296114e-79
f200_p400_gap800,std,2701,train,7,0.0,8.4,5581,5464,6208,0.5537161719979301,0.3666620365900303,6,37.69999999999918,-51.99999999999894,1.9952933910603955e-69,0,,-52.00000000000032,-1.4246804741517957e-71,0,,-51.99999999999894,4.661158839235692e-80
f200_p400_gap800,std,2701,recovery,-1,1000.0,9.9,5581,5464,6344,0.6158611072318955,0.3886664894317816,6,33.500000000000085,-51.99999999999894,1.6892636271797582e-95,0,,-52.00000000000032,-1.2225693545390133e-97,0,,-51.99999999999894,6.729331492966549e-106
f200_p400_gap800,std,2701,recovery,-1,5000.0,13.9,5581,5464,7018,0.94801245414503,0.5062767674859321,17,18.90000000000036,-51.99999999999894,1.23516e-319,3,52.69999999999975,-52.00000000000032,-1.23516e-319,5,39.79999999999961,-51.99999999999894,1.23516e-319
f200_p400_gap800,std,2702,train,0,0.0,0.0,5562,5462,7106,1.0,0.5241404055395085,19,14.6,-52.0,0.0,4,48.0,-52.0,0.0,5,32.6,-52.0,0.0
f200_p400_gap800,std,2702,train,1,0.0,1.2000000000000002,5562,5462,6433,0.6646674114053146,0.4056981074875159,10,20.399999999999974,-51.99999999999894,-2.1920543565799545e-69,1,114.39999999999984,-51.99999999999894,2.1245466567203978e-69,2,75.3999999999999,-51.99999999999894,2.984468681476664e-69
f200_p400_gap800,std,2702,train,2,0.0,2.4000000000000004,5562,5462,6283,0.5812025346491615,0.3760604203094783,7,22.999999999999687,-51.99999999999894,4.480205030695192e-69,0,,-52.00000000000032,-1.7834883749642016e-70,0,,-51.99999999999894,4.185409692973436e-76
f200_p400_gap800,std,2702,train,3,0.0,3.6000000000000005,5562,5462,6226,0.5603172094879895,0.3686052431481263,7,23.7999999999996,-51.99999999999894,6.436225424375502e-69,0,,-52.00000000000032,-8.502809683492023e-71,0,,-51.99999999999894,2.9711020781902265e-76
f200_p400_gap800,std,2702,train,4,0.0,4.800000000000001,5562,5462,6244,0.5550636349356416,0.3667202338049006,7,23.999999999999133,-51.99999999999894,2.272599575854136e-69,0,,-51.99999999999894,-8.24538693935462e-73,0,,-51.99999999999894,4.7064773272329396e-76
f200_p400_gap800,std,2702,train,5,0.0,6.000000000000001,5562,5462,6225,0.5537352913024619,0.3662411886925416,6,24.09999999999979,-51.99999999999894,1.0895159766017264e-69,0,,-51.99999999999894,-1.5751536151024917e-70,0,,-51.99999999999894,1.44259279225625e-75
f200_p400_gap800,std,2702,train,6,0.0,7.200000000000001,5562,5462,6229,0.5533977139173447,0.3661188362879067,7,24.0999999999989,-51.99999999999894,-3.217405124113516e-70,0,,-52.00000000000032,-3.499726384897655e-72,0,,-51.99999999999894,1.2892906281768907e-78
f200_p400_gap800,std,2702,train,7,0.0,8.4,5562,5462,6231,0.5533114936350498,0.366087432047437,7,24.10000000000068,-51.99999999999894,2.245195358264298e-69,0,,-51.99999999999894,-1.1690909101917424e-70,0,,-51.99999999999894,2.576266966880559e-75
f200_p400_gap800,std,2702,recovery,-1,1000.0,9.9,5562,5462,6311,0.6155125919596025,0.3880959790462735,7,21.5999999999994,-51.99999999999894,2.020654333117467e-95,0,,-51.99999999999894,-8.30468517115292e-99,1,121.80000000000037,-51.99999999999894,5.344957587892937e-102
f200_p400_gap800,std,2702,recovery,-1,5000.0,13.9,5562,5462,6991,0.9479652877319418,0.5057287945472839,18,15.100000000000335,-51.99999999999894,1.23516e-319,4,48.79999999999996,-51.99999999999894,-1.23516e-319,6,33.200000000000784,-51.99999999999894,1.23516e-319
f200_p400_gap800,std,2703,train,0,0.0,0.0,5643,5532,7208,1.0,0.5220843026011142,19,15.4,-52.0,0.0,5,35.9,-52.0,0.0,6,32.7,-52.0,0.0
f200_p400_gap800,std,2703,train,1,0.0,1.2000000000000002,5643,5532,6493,0.6632185001533925,0.4036765907750192,8,26.59999999999996,-51.99999999999894,6.033569960678274e-70,0,,-51.99999999999894,2.37697541419001e-69,0,,-51.99999999999894,3.295738797018397e-69
f200_p400_gap800,std,2703,train,2,0.0,2.4000000000000004,5643,5532,6339,0.5797779958986977,0.3741459618266277,5,30.29999999999955,-51.99999999999894,7.669004858812049e-70,0,,-51.99999999999894,9.595829427135434e-70,0,,-51.99999999999894,1.4202409600023414e-69
f200_p400_gap800,std,2703,train,3,0.0,3.6000000000000005,5643,5532,6300,0.5589681133968636,0.3667300833572331,4,31.899999999999817,-51.99999999999894,2.2742658281538188e-69,0,,-52.00000000000032,-5.135787548371687e-71,0,,-51.99999999999894,1.282642004976991e-76
f200_p400_gap800,std,2703,train,4,0.0,4.800000000000001,5643,5532,6289,0.5537422321646798,0.3648542671182345,5,32.29999999999933,-51.99999999999894,2.221987431876309e-69,0,,-52.00000000000032,-2.4839515838911272e-70,0,,-51.99999999999894,4.013255367976832e-84
f200_p400_gap800,std,2703,train,5,0.0,6.000000000000001,5643,5532,6305,0.5524203668025565,0.3643761852272543,4,32.29999999999933,-51.99999999999894,2.4478728993772146e-69,0,,-52.00000000000032,-2.0322022825739974e-70,0,,-51.99999999999894,7.021114641633039e-76
f200_p400_gap800,std,2703,train,6,0.0,7.200000000000001,5643,5532,6282,0.5520834681880725,0.3642533709676162,4,32.399999999999096,-51.99999999999894,6.941627892481787e-70,0,,-52.00000000000032,-2.156374437749981e-71,0,,-51.99999999999894,6.6167394894010725e-84
f200_p400_gap800,std,2703,train,7,0.0,8.4,5643,5532,6279,0.5519969224420578,0.3642215597436393,4,32.40000000000087,-51.99999999999894,2.0788843134023376e-69,0,,-52.00000000000032,-3.276044014341744e-71,0,,-51.99999999999894,4.0132553681637946e-84
f200_p400_gap800,std,2703,recovery,-1,1000.0,9.9,5643,5532,6416,0.6143808832002403,0.3862034274547599,5,28.499999999999304,-51.99999999999894,1.2952806669715184e-95,0,,-52.00000000000032,-1.7814393348721466e-96,1,56.00000000000094,-51.99999999999894,2.764376583290217e-110
f200_p400_gap800,std,2703,recovery,-1,5000.0,13.9,5643,5532,7068,0.947812127606452,0.5036948258767435,16,16.199999999999548,-51.99999999999894,1.23516e-319,3,38.7000000000004,-52.00000000000032,-1.23516e-319,6,35.19999999999968,-51.99999999999894,1.23516e-319
f200_p400_gap800,static,2701,naive,0,0.0,0.0,5581,5464,8221,1.0,1.0,27,17.9,-52.0,0.0,11,41.1,-52.0,0.0,13,37.400000000000006,-52.0,0.0
f200_p400_gap800,static,2702,naive,0,0.0,0.0,5562,5462,8230,1.0,1.0,27,14.5,-52.0,0.0,10,47.5,-52.0,0.0,13,31.8,-52.0,0.0
f200_p400_gap800,static,2703,naive,0,0.0,0.0,5643,5532,8308,1.0,1.0,27,15.3,-52.0,0.0,11,34.9,-52.0,0.0,12,31.90000000000001,-52.0,0.0
f150_p400_gap800,std,2701,train,0,0.0,0.0,4180,4116,5348,1.0,0.6105512816063116,12,26.1,-52.0,0.0,2,61.8,-52.0,0.0,3,46.900000000000006,-52.0,0.0
f150_p400_gap800,std,2701,train,1,0.0,1.2000000000000002,4180,4116,4909,0.7255601265917506,0.4929870121460972,5,37.89999999999982,-51.99999999999894,-3.616871360387946e-70,0,,-51.99999999999894,4.3170119903164167e-69,0,,-51.99999999999894,7.289782662618336e-75
f150_p400_gap800,std,2701,train,2,0.0,2.4000000000000004,4180,4116,4810,0.642713986126656,0.4573621533110298,4,41.499999999999645,-51.99999999999894,2.1887331946595765e-69,0,,-52.00000000000032,-1.0242928643893651e-70,0,,-51.99999999999894,4.9158392651084896e-85
f150_p400_gap800,std,2701,train,3,0.0,3.6000000000000005,4180,4116,4779,0.6176095724076734,0.4465251068862391,2,43.09999999999947,-51.99999999999894,1.7877726194679828e-69,0,,-52.00000000000032,-3.953134578462197e-71,0,,-51.99999999999894,5.6676740603424194e-86
f150_p400_gap800,std,2701,train,4,0.0,4.800000000000001,4180,4116,4774,0.6099728348643948,0.4432154813505095,2,43.699999999999406,-51.99999999999894,1.848336823482038e-69,0,,-52.00000000000032,-3.649058550397676e-71,0,,-51.99999999999894,9.490425828312529e-92
f150_p400_gap800,std,2701,train,5,0.0,6.000000000000001,4180,4116,4769,0.6076405811679372,0.4422006605043038,2,44.29999999999978,-51.99999999999894,1.8315448568416504e-69,0,,-52.00000000000032,-4.643764578553607e-71,0,,-51.99999999999894,1.3602906453952191e-91
f150_p400_gap800,std,2701,train,6,0.0,7.200000000000001,4180,4116,4785,0.6069254490044178,0.4418882133947706,2,44.299999999998896,-51.99999999999894,1.2025559397357245e-69,0,,-52.00000000000032,-5.0353402175011836e-71,0,,-51.99999999999894,1.3069528888836805e-91
f150_p400_gap800,std,2701,train,7,0.0,8.4,4180,4116,4785,0.6067052712476625,0.4417916138660166,2,44.29999999999978,-51.99999999999894,2.2898939814781715e-69,0,,-52.00000000000032,-1.6741572288199266e-72,0,,-51.99999999999894,1.3069528888836805e-91
f150_p400_gap800,std,2701,recovery,-1,1000.0,9.9,4180,4116,4830,0.6614294993010307,0.4652726742956258,4,40.599999999999525,-51.99999999999894,1.80120395084398e-95,0,,-52.00000000000032,-1.4659825356762707e-98,0,,-51.99999999999894,1.1444347037845523e-117
f150_p400_gap800,std,2701,recovery,-1,5000.0,13.9,4180,4116,5273,0.9541794653923432,0.5908899601376992,11,28.00000000000047,-51.99999999999894,1.23516e-319,1,62.5,-52.00000000000032,-1.23516e-319,2,48.99999999999949,-51.99999999999894,1.23516e-319
f150_p400_gap800,std,2702,train,0,0.0,0.0,4191,4139,5328,1.0,0.6111876528718061,15,19.700000000000003,-52.0,0.0,2,69.3,-52.0,0.0,3,65.10000000000001,-52.0,0.0
f150_p400_gap800,std,2702,train,1,0.0,1.2000000000000002,4191,4139,4907,0.7260085698431837,0.4937278454622011,7,25.799999999999823,-51.99999999999894,1.309647619506623e-69,0,,-51.99999999999894,2.681305934830952e-69,0,,-51.99999999999894,3.65467895889639e-69
f150_p400_gap800,std,2702,train,2,0.0,2.4000000000000004,4191,4139,4799,0.6432360425409813,0.4580898330724969,5,43.19999999999968,-51.99999999999894,-4.109343968088059e-71,0,,-51.99999999999894,-7.272847914598229e-73,0,,-51.99999999999894,4.789586916244509e-75
f150_p400_gap800,std,2702,train,3,0.0,3.6000000000000005,4191,4139,4770,0.6181223596687089,0.4472308561169123,4,44.599999999999525,-51.99999999999894,3.28846039935428e-69,0,,-51.99999999999894,-1.3014037262498688e-72,0,,-51.99999999999894,2.525241968764275e-75
f150_p400_gap800,std,2702,train,4,0.0,4.800000000000001,4191,4139,4785,0.6104701679415783,0.4439081441852899,4,45.29999999999923,-51.99999999999894,1.6043979990453488e-69,0,,-51.99999999999894,-1.376517688343546e-72,0,,-51.99999999999894,5.187940965540774e-75
f150_p400_gap800,std,2702,train,5,0.0,6.000000000000001,4191,4139,4780,0.6081286924177978,0.4428871971814132,4,45.69999999999919,-51.99999999999894,4.4825030627890096e-69,0,,-51.99999999999894,-3.25690745519186e-73,0,,-51.99999999999894,9.082385581531844e-75
f150_p400_gap800,std,2702,train,6,0.0,7.200000000000001,4191,4139,4764,0.6074092432239319,0.4425722044813419,4,45.79999999999895,-51.99999999999894,4.682326834509598e-70,0,,-51.99999999999894,-8.007900874206182e-72,0,,-51.99999999999894,6.464572516821329e-75
f150_p400_gap800,std,2702,train,7,0.0,8.4,4191,4139,4769,0.6071872716198431,0.4424746231930617,4,45.79999999999984,-51.99999999999894,1.4053440623761671e-69,0,,-51.99999999999894,-3.741883294907913e-72,0,,-51.99999999999894,2.4262258148927647e-75
f150_p400_gap800,std,2702,recovery,-1,1000.0,9.9,4191,4139,4832,0.6618437653987532,0.4659488784043514,5,42.500000000000426,-51.99999999999894,1.0226181887624608e-95,0,,-51.99999999999894,-3.148613644345959e-98,1,115.09999999999998,-51.99999999999894,2.2112308477892406e-101
f150_p400_gap800,std,2702,recovery,-1,5000.0,13.9,4191,4139,5263,0.954235530212014,0.5915317221923146,13,20.30000000000065,-51.99999999999894,1.23516e-319,2,70.19999999999982,-51.99999999999894,-1.23516e-319,2,65.69999999999965,-51.99999999999894,1.23516e-319
f150_p400_gap800,std,2703,train,0,0.0,0.0,4175,4113,5318,1.0,0.6146024217788572,12,24.6,-52.0,0.0,1,59.4,-52.0,0.0,2,51.1,-52.0,0.0
f150_p400_gap800,std,2703,train,1,0.0,1.2000000000000002,4175,4113,4920,0.7284149168211245,0.4973995367748446,5,32.89999999999993,-51.99999999999894,4.3567876595372514e-69,0,,-51.99999999999894,-4.6911880893481126e-70,0,,-51.99999999999894,1.971207454992126e-71
f150_p400_gap800,std,2703,train,2,0.0,2.4000000000000004,4175,4113,4806,0.6458234396781248,0.4615536338878075,4,38.39999999999976,-51.99999999999894,1.0964164881046424e-69,0,,-52.00000000000032,-1.2228535715401835e-70,0,,-51.99999999999894,3.235210334940852e-78
f150_p400_gap800,std,2703,train,3,0.0,3.6000000000000005,4175,4113,4793,0.6205632588484161,0.4505285371453501,2,40.49999999999976,-51.99999999999894,2.065542435880897e-69,0,,-51.99999999999894,-1.6726095627388089e-71,0,,-51.99999999999894,4.65797874516688e-72
f150_p400_gap800,std,2703,train,4,0.0,4.800000000000001,4175,4113,4783,0.61279400448601,0.4471186773655588,1,42.19999999999935,-51.99999999999894,2.663004422993678e-69,0,,-52.00000000000032,-1.3226058425906697e-71,0,,-51.99999999999894,5.441703560405928e-78
f150_p400_gap800,std,2703,train,5,0.0,6.000000000000001,4175,4113,4774,0.61039111691158,0.4460582732714424,1,42.49999999999954,-51.99999999999894,2.9439749654838367e-69,0,,-52.00000000000032,-2.665717333228377e-70,0,,-51.99999999999894,1.1599525733118138e-99
f150_p400_gap800,std,2703,train,6,0.0,7.200000000000001,4175,4113,4775,0.6096438627761671,0.4457267175513555,1,42.69999999999907,-51.99999999999894,4.033121190124423e-69,0,,-52.00000000000032,-4.672906218842152e-72,0,,-51.99999999999894,1.2316800346018198e-99
f150_p400_gap800,std,2703,train,7,0.0,8.4,4175,4113,4766,0.6094102194091437,0.4456224951318553,1,42.69999999999996,-51.99999999999894,3.159715696148405e-69,0,,-52.00000000000032,-6.56105429345231e-72,0,,-51.99999999999894,1.281945850371228e-99
f150_p400_gap800,std,2703,recovery,-1,1000.0,9.9,4175,4113,4827,0.6637530462424805,0.4691317038844396,5,36.7999999999995,-51.99999999999894,2.6406182725645305e-95,0,,-52.00000000000032,-5.6320757262889856e-98,0,,-51.99999999999894,1.1225372635968123e-125
f150_p400_gap800,std,2703,recovery,-1,5000.0,13.9,4175,4113,5240,0.954493923275778,0.5949151009699828,10,25.19999999999989,-51.99999999999894,1.23516e-319,1,62.80000000000108,-52.00000000000032,-1.23516e-319,1,52.20000000000091,-51.99999999999894,1.23516e-319
f150_p400_gap800,static,2701,naive,0,0.0,0.0,4180,4116,5942,1.0,1.0,20,25.8,-52.0,0.0,5,57.9,-52.0,0.0,7,45.7,-52.0,0.0
f150_p400_gap800,static,2702,naive,0,0.0,0.0,4191,4139,5910,1.0,1.0,21,19.6,-52.0,0.0,6,67.8,-52.0,0.0,7,63.9,-52.0,0.0
f150_p400_gap800,static,2703,naive,0,0.0,0.0,4175,4113,5882,1.0,1.0,18,24.4,-52.0,0.0,4,56.900000000000006,-52.0,0.0,6,49.1,-52.0,0.0
